Unit,plot,Plot,Block,Species,Number,potID,uniqID,greenhouseSoil,seedID,quadrat,Quadrat,Soil,Soil2,Competition,Position,Year,Survival,Height,Rosette,nLeaf,nStem,leafDamage,leafLength,leafWidth,Area_week12
EAMO,3,EAMO#3,B,Cp,5,B-Cp-5,EAMO-B-Cp-5,EAMO,497,TL-HS-CA,TL,Home,Young,Absent,A5,2019,1,16.8,0,14,NA,3,9.9,3.2,31.68
EAMO,3,EAMO#3,A,Cp,2,A-Cp-2,EAMO-A-Cp-2,EAMO,509,TL-HS-CA,TL,Home,Young,Absent,D3,2019,1,40.6,0,18,NA,1,9.6,3.4,32.64
EAMO,3,EAMO#3,A,Cp,1,A-Cp-1,EAMO-A-Cp-1,EAMO,510,TL-HS-CA,TL,Home,Young,Absent,D4,2019,1,27.4,0,10,NA,0,8.8,3.9,34.32
EAMO,3,EAMO#3,D,Cp,2,D-Cp-2,EAMO-D-Cp-2,EAMO,524,TR-HS-CP,TR,Home,Young,Present,C4,2019,1,29.9,0,16,NA,3,10.4,4.2,43.68
EAMO,3,EAMO#3,E,Cp,3,E-Cp-3,EAMO-E-Cp-3,EAMO,525,TR-HS-CP,TR,Home,Young,Present,C5,2019,1,30.3,0,12,NA,0,9.8,3.9,38.22
EAMO,3,EAMO#3,C,Cp,3,C-Cp-3,EAMO-C-Cp-3,EAMO,529,TR-HS-CP,TR,Home,Young,Present,D4,2019,1,44.4,0,20,NA,3,10.7,4.1,43.87
EAMO,4,EAMO#4,C,Cp,1,C-Cp-1,EAMO-C-Cp-1,EAMO,603,TL-HS-CP,TL,Home,Young,Present,A3,2019,1,34.4,0,34,NA,0,9,3,27
EAMO,4,EAMO#4,F,Cp,2,F-Cp-2,EAMO-F-Cp-2,EAMO,612,TL-HS-CP,TL,Home,Young,Present,C3,2019,1,27.1,0,20,NA,0,11.1,3.7,41.07
EAMO,4,EAMO#4,E,Cp,1,E-Cp-1,EAMO-E-Cp-1,EAMO,616,TL-HS-CP,TL,Home,Young,Present,D2,2019,1,26.5,0,21,NA,0,8,3.9,31.2
EAMO,4,EAMO#4,F,Cp,3,F-Cp-3,EAMO-F-Cp-3,EAMO,622,TR-HS-CA,TR,Home,Young,Absent,A5,2019,1,42,0,16,NA,0,9.9,3.8,37.62
EAMO,4,EAMO#4,G,Cp,3,G-Cp-3,EAMO-G-Cp-3,EAMO,623,TR-HS-CA,TR,Home,Young,Absent,B2,2019,1,10.8,0,34,NA,0,5,2,10
EAMO,4,EAMO#4,F,Cp,1,F-Cp-1,EAMO-F-Cp-1,EAMO,636,TR-HS-CA,TR,Home,Young,Absent,D5,2019,1,28.7,0,28,NA,0,10.9,4.5,49.05
EAMO,1,EAMO#1,A,Cp,5,A-Cp-5,EAMO-A-Cp-5,EAMO,743,BL-HS-CP,BL,Home,Young,Present,B1,2019,1,16.4,0,6,NA,0,4.3,2,8.6
EAMO,1,EAMO#1,H,Cp,1-B,H-Cp-1-B,EAMO-H-Cp-1-B,EAMO,754,BL-HS-CP,BL,Home,Young,Present,D2,2019,1,17.2,0,12,NA,0,6,2.1,12.6
EAMO,1,EAMO#1,C,Cp,5-B,C-Cp-5-B,EAMO-C-Cp-5-B,EAMO,755,BL-HS-CP,BL,Home,Young,Present,D3,2019,1,12.2,0,20,NA,0,5.9,2.1,12.39
EAMO,1,EAMO#1,B,Cp,3,B-Cp-3,EAMO-B-Cp-3,EAMO,758,BR-HS-CA,BR,Home,Young,Absent,A1,2019,1,33.7,0,0,NA,3,7.6,3.3,25.08
EAMO,1,EAMO#1,B,Cp,2,B-Cp-2,EAMO-B-Cp-2,EAMO,773,BR-HS-CA,BR,Home,Young,Absent,D1,2019,1,26.6,0,45,NA,1,9.2,3.6,33.12
EAMO,1,EAMO#1,D,Cp,4-B,D-Cp-4-B,EAMO-D-Cp-4-B,EAMO,775,BR-HS-CA,BR,Home,Young,Absent,D3,2019,1,12.4,0,NA,NA,0,7.1,2.6,18.46
EAMO,2,EAMO#2,D,Cp,4,D-Cp-4,EAMO-D-Cp-4,EAMO,820,BL-HS-CA,BL,Home,Young,Absent,C3,2019,1,18.3,0,20,NA,1,7.4,2.5,18.5
EAMO,2,EAMO#2,H,Cp,1,H-Cp-1,EAMO-H-Cp-1,EAMO,824,BL-HS-CA,BL,Home,Young,Absent,D2,2019,1,20.1,0,22,NA,1,6.8,2.9,19.72
EAMO,2,EAMO#2,A,Cp,5-B,A-Cp-5-B,EAMO-A-Cp-5-B,EAMO,827,BL-HS-CA,BL,Home,Young,Absent,D5,2019,1,9.4,0,14,NA,0,4.2,1.6,6.72
EAMO,2,EAMO#2,H,Cp,3,H-Cp-3,EAMO-H-Cp-3,EAMO,831,BR-HS-CP,BR,Home,Young,Present,A4,2019,1,24.9,0,20,NA,0,13.9,5.2,72.28
EAMO,2,EAMO#2,C,Cp,5,C-Cp-5,EAMO-C-Cp-5,EAMO,833,BR-HS-CP,BR,Home,Young,Present,B1,2019,1,19.9,0,16,NA,0,8,2.9,23.2
EAMO,2,EAMO#2,D,Cp,5,D-Cp-5,EAMO-D-Cp-5,EAMO,840,BR-HS-CP,BR,Home,Young,Present,C3,2019,1,27.5,0,21,NA,1,9.6,3,28.8
EAMO,3,EAMO#3,B,Cp,5,B-Cp-5,EAMO-B-Cp-5,EAMO,497,TL-HS-CA,TL,Home,Young,Absent,A5,2020,1,31.4,0,32,3,3,10.2,2.9,29.58
EAMO,3,EAMO#3,A,Cp,2,A-Cp-2,EAMO-A-Cp-2,EAMO,509,TL-HS-CA,TL,Home,Young,Absent,D3,2020,1,60.1,0,74,4,2,11.9,4.7,55.93
EAMO,3,EAMO#3,A,Cp,1,A-Cp-1,EAMO-A-Cp-1,EAMO,510,TL-HS-CA,TL,Home,Young,Absent,D4,2020,1,24.5,0,52,5,1,8.5,3.4,28.9
EAMO,3,EAMO#3,D,Cp,2,D-Cp-2,EAMO-D-Cp-2,EAMO,524,TR-HS-CP,TR,Home,Young,Present,C4,2020,1,64.2,0,98,6,1,11.9,4,47.6
EAMO,3,EAMO#3,E,Cp,3,E-Cp-3,EAMO-E-Cp-3,EAMO,525,TR-HS-CP,TR,Home,Young,Present,C5,2020,1,83,0,84,5,1,11.6,9,104.4
EAMO,3,EAMO#3,C,Cp,3,C-Cp-3,EAMO-C-Cp-3,EAMO,529,TR-HS-CP,TR,Home,Young,Present,D4,2020,1,103.1,0,58,3,1,11.4,4.4,50.16
EAMO,4,EAMO#4,C,Cp,1,C-Cp-1,EAMO-C-Cp-1,EAMO,603,TL-HS-CP,TL,Home,Young,Present,A3,2020,1,44.3,0,NA,NA,2,NA,NA,#VALUE!
EAMO,4,EAMO#4,F,Cp,2,F-Cp-2,EAMO-F-Cp-2,EAMO,612,TL-HS-CP,TL,Home,Young,Present,C3,2020,1,29.1,0,10,1,1,6,2.8,16.8
EAMO,4,EAMO#4,E,Cp,1,E-Cp-1,EAMO-E-Cp-1,EAMO,616,TL-HS-CP,TL,Home,Young,Present,D2,2020,1,69.2,0,36,2,1,9.2,4,36.8
EAMO,4,EAMO#4,F,Cp,3,F-Cp-3,EAMO-F-Cp-3,EAMO,622,TR-HS-CA,TR,Home,Young,Absent,A5,2020,1,71.1,0,40,3,1,11.1,3.9,43.29
EAMO,4,EAMO#4,G,Cp,3,G-Cp-3,EAMO-G-Cp-3,EAMO,623,TR-HS-CA,TR,Home,Young,Absent,B2,2020,1,47.5,0,46,3,3,9.5,3.9,37.05
EAMO,4,EAMO#4,F,Cp,1,F-Cp-1,EAMO-F-Cp-1,EAMO,636,TR-HS-CA,TR,Home,Young,Absent,D5,2020,1,80.2,0,74,5,1,10.9,3.9,42.51
EAMO,1,EAMO#1,A,Cp,5,A-Cp-5,EAMO-A-Cp-5,EAMO,743,BL-HS-CP,BL,Home,Young,Present,B1,2020,1,39.6,0,28,2,0,8.3,3.4,28.22
EAMO,1,EAMO#1,H,Cp,1-B,H-Cp-1-B,EAMO-H-Cp-1-B,EAMO,754,BL-HS-CP,BL,Home,Young,Present,D2,2020,1,42.8,0,22,2,1,10.8,3.3,35.64
EAMO,1,EAMO#1,C,Cp,5-B,C-Cp-5-B,EAMO-C-Cp-5-B,EAMO,755,BL-HS-CP,BL,Home,Young,Present,D3,2020,1,17.8,0,20,2,1,4.6,2.8,12.88
EAMO,1,EAMO#1,B,Cp,3,B-Cp-3,EAMO-B-Cp-3,EAMO,758,BR-HS-CA,BR,Home,Young,Absent,A1,2020,1,34.8,0,68,3,1,11.3,3.1,35.03
EAMO,1,EAMO#1,B,Cp,2,B-Cp-2,EAMO-B-Cp-2,EAMO,773,BR-HS-CA,BR,Home,Young,Absent,D1,2020,1,62.4,0,76,4,1,11,3.9,42.9
EAMO,1,EAMO#1,D,Cp,4-B,D-Cp-4-B,EAMO-D-Cp-4-B,EAMO,775,BR-HS-CA,BR,Home,Young,Absent,D3,2020,1,35.8,0,50,4,1,8.1,3.4,27.54
EAMO,2,EAMO#2,D,Cp,4,D-Cp-4,EAMO-D-Cp-4,EAMO,820,BL-HS-CA,BL,Home,Young,Absent,C3,2020,1,9.5,0,22,2,2,4.7,2.5,11.75
EAMO,2,EAMO#2,A,Cp,5-B,A-Cp-5-B,EAMO-A-Cp-5-B,EAMO,827,BL-HS-CA,BL,Home,Young,Absent,D5,2020,1,18.5,0,14,1,1,10.5,3.3,34.65
EAMO,3,EAMO#3,A,Cp,2,A-Cp-2,EAMO-A-Cp-2,EAMO,509,TL-HS-CA,TL,Home,Young,Absent,D3,2021,1,58.2,0,76,6,1,7.9,3.1,24.49
EAMO,3,EAMO#3,A,Cp,1,A-Cp-1,EAMO-A-Cp-1,EAMO,510,TL-HS-CA,TL,Home,Young,Absent,D4,2021,1,45.1,0,44,3,1,7.8,3.3,25.74
EAMO,3,EAMO#3,D,Cp,2,D-Cp-2,EAMO-D-Cp-2,EAMO,524,TR-HS-CP,TR,Home,Young,Present,C4,2021,1,58.2,0,48,4,1,13.9,5,69.5
EAMO,3,EAMO#3,E,Cp,3,E-Cp-3,EAMO-E-Cp-3,EAMO,525,TR-HS-CP,TR,Home,Young,Present,C5,2021,1,62.8,0,78,7,1,10.6,7.5,79.5
EAMO,3,EAMO#3,C,Cp,3,C-Cp-3,EAMO-C-Cp-3,EAMO,529,TR-HS-CP,TR,Home,Young,Present,D4,2021,1,72.2,0,110,8,1,13.4,5.6,75.04
EAMO,4,EAMO#4,F,Cp,2,F-Cp-2,EAMO-F-Cp-2,EAMO,612,TL-HS-CP,TL,Home,Young,Present,C3,2021,1,25.7,0,10,1,1,5.2,2.3,11.96
EAMO,4,EAMO#4,E,Cp,1,E-Cp-1,EAMO-E-Cp-1,EAMO,616,TL-HS-CP,TL,Home,Young,Present,D2,2021,1,53.8,0,38,3,0,10.3,3.8,39.14
EAMO,4,EAMO#4,F,Cp,3,F-Cp-3,EAMO-F-Cp-3,EAMO,622,TR-HS-CA,TR,Home,Young,Absent,A5,2021,1,41.4,0,46,5,1,8.7,3.3,28.71
EAMO,4,EAMO#4,G,Cp,3,G-Cp-3,EAMO-G-Cp-3,EAMO,623,TR-HS-CA,TR,Home,Young,Absent,B2,2021,1,21.2,0,20,2,1,7,3.1,21.7
EAMO,4,EAMO#4,F,Cp,1,F-Cp-1,EAMO-F-Cp-1,EAMO,636,TR-HS-CA,TR,Home,Young,Absent,D5,2021,1,88.7,0,106,7,1,13.1,3.7,48.47
EAMO,1,EAMO#1,A,Cp,5,A-Cp-5,EAMO-A-Cp-5,EAMO,743,BL-HS-CP,BL,Home,Young,Present,B1,2021,1,38.8,0,10,2,1,8.9,3.6,32.04
EAMO,1,EAMO#1,H,Cp,1-B,H-Cp-1-B,EAMO-H-Cp-1-B,EAMO,754,BL-HS-CP,BL,Home,Young,Present,D2,2021,1,21.6,0,14,2,1,8.2,3.3,27.06
EAMO,1,EAMO#1,C,Cp,5-B,C-Cp-5-B,EAMO-C-Cp-5-B,EAMO,755,BL-HS-CP,BL,Home,Young,Present,D3,2021,1,18.2,0,10,1,1,5.3,2.6,13.78
EAMO,1,EAMO#1,B,Cp,3,B-Cp-3,EAMO-B-Cp-3,EAMO,758,BR-HS-CA,BR,Home,Young,Absent,A1,2021,1,33.8,0,22,2,1,8.7,2.5,21.75
EAMO,1,EAMO#1,B,Cp,2,B-Cp-2,EAMO-B-Cp-2,EAMO,773,BR-HS-CA,BR,Home,Young,Absent,D1,2021,1,62.7,0,101,8,1,NA,NA,#VALUE!
EAMO,1,EAMO#1,D,Cp,4-B,D-Cp-4-B,EAMO-D-Cp-4-B,EAMO,775,BR-HS-CA,BR,Home,Young,Absent,D3,2021,1,56.4,0,41,5,1,NA,NA,#VALUE!
TRHO,1,TRHO#1,D,Cp,5,D-Cp-5,TRHO-D-Cp-5,TRHO,46,BL-HS-CA,BL,Home,Old,Absent,B2,2019,1,24.3,0,39,NA,0,7.7,3.8,29.26
TRHO,1,TRHO#1,E,Cp,3-B,E-Cp-3-B,TRHO-E-Cp-3-B,TRHO,47,BL-HS-CA,BL,Home,Old,Absent,B3,2019,1,10.6,0,19,NA,0,4.1,1.4,5.74
TRHO,1,TRHO#1,D,Cp,1,D-Cp-1,TRHO-D-Cp-1,TRHO,50,BL-HS-CA,BL,Home,Old,Absent,C1,2019,1,17.8,0,6,NA,1,5.4,2.5,13.5
TRHO,1,TRHO#1,B,Cp,2,B-Cp-2,TRHO-B-Cp-2,TRHO,63,BR-HS-CP,BR,Home,Old,Present,A4,2019,1,32.6,0,16,NA,0,9.3,3.8,35.34
TRHO,1,TRHO#1,G,Cp,5,G-Cp-5,TRHO-G-Cp-5,TRHO,64,BR-HS-CP,BR,Home,Old,Present,A5,2019,1,22.7,0,10,NA,0,7.9,3.3,26.07
TRHO,1,TRHO#1,E,Cp,5,E-Cp-5,TRHO-E-Cp-5,TRHO,68,BR-HS-CP,BR,Home,Old,Present,B4,2019,1,37.8,0,28,NA,0,8.1,3.8,30.78
TRHO,2,TRHO#2,F,Cp,5-B,F-Cp-5-B,TRHO-F-Cp-5-B,TRHO,123,BL-HS-CP,BL,Home,Old,Present,C1,2019,1,7.8,0,23,NA,1,3.8,1.8,6.84
TRHO,2,TRHO#2,G,Cp,1,G-Cp-1,TRHO-G-Cp-1,TRHO,128,BL-HS-CP,BL,Home,Old,Present,D2,2019,1,19.1,0,16,NA,0,4.1,1.5,6.15
TRHO,2,TRHO#2,G,Cp,2,G-Cp-2,TRHO-G-Cp-2,TRHO,129,BL-HS-CP,BL,Home,Old,Present,D3,2019,1,38,0,22,NA,0,7.1,2.5,17.75
TRHO,2,TRHO#2,A,Cp,4-B,A-Cp-4-B,TRHO-A-Cp-4-B,TRHO,133,BR-HS-CA,BR,Home,Old,Absent,A3,2019,1,14.6,0,9,NA,0,4.6,2,9.2
TRHO,2,TRHO#2,B,Cp,3,B-Cp-3,TRHO-B-Cp-3,TRHO,134,BR-HS-CA,BR,Home,Old,Absent,A4,2019,1,31.1,0,22,NA,0,7.1,2.8,19.88
TRHO,2,TRHO#2,A,Cp,3,A-Cp-3,TRHO-A-Cp-3,TRHO,139,BR-HS-CA,BR,Home,Old,Absent,B5,2019,1,27.4,0,20,NA,0,8.7,3.1,26.97
TRHO,3,TRHO#3,E,Cp,4,E-Cp-4,TRHO-E-Cp-4,TRHO,155,TL-HS-CA,TL,Home,Old,Absent,B4,2019,1,22.4,0,23,NA,1,4.9,1.4,6.86
TRHO,3,TRHO#3,C,Cp,2,C-Cp-2,TRHO-C-Cp-2,TRHO,157,TL-HS-CA,TL,Home,Old,Absent,C1,2019,1,12.4,0,17,NA,0,4.8,1.9,9.12
TRHO,3,TRHO#3,C,Cp,4,C-Cp-4,TRHO-C-Cp-4,TRHO,161,TL-HS-CA,TL,Home,Old,Absent,D1,2019,1,15.2,0,16,NA,0,6.6,2.7,17.82
TRHO,3,TRHO#3,E,Cp,3,E-Cp-3,TRHO-E-Cp-3,TRHO,171,TR-HS-CP,TR,Home,Old,Present,B1,2019,1,29.2,0,20,NA,0,9.3,3.4,31.62
TRHO,3,TRHO#3,A,Cp,4,A-Cp-4,TRHO-A-Cp-4,TRHO,172,TR-HS-CP,TR,Home,Old,Present,B2,2019,1,23.2,0,17,NA,0,6.8,2.1,14.28
TRHO,3,TRHO#3,F,Cp,4,F-Cp-4,TRHO-F-Cp-4,TRHO,174,TR-HS-CP,TR,Home,Old,Present,B4,2019,1,30.2,0,29,NA,0,9.1,3.1,28.21
TRHO,4,TRHO#4,G,Cp,4,G-Cp-4,TRHO-G-Cp-4,TRHO,226,TL-HS-CP,TL,Home,Old,Present,A4,2019,1,28.8,0,26,NA,0,9.2,3.6,33.12
TRHO,4,TRHO#4,F,Cp,5,F-Cp-5,TRHO-F-Cp-5,TRHO,230,TL-HS-CP,TL,Home,Old,Present,B3,2019,1,11.6,0,14,NA,0,4.1,1.8,7.38
TRHO,4,TRHO#4,F,Cp,3,F-Cp-3,TRHO-F-Cp-3,TRHO,236,TL-HS-CP,TL,Home,Old,Present,D1,2019,1,24.5,0,30,NA,2,6.5,2.5,16.25
TRHO,4,TRHO#4,H,Cp,2,H-Cp-2,TRHO-H-Cp-2,TRHO,241,TR-HS-CA,TR,Home,Old,Absent,A1,2019,1,33.6,0,22,NA,0,8.3,3,24.9
TRHO,4,TRHO#4,A,Cp,1,A-Cp-1,TRHO-A-Cp-1,TRHO,244,TR-HS-CA,TR,Home,Old,Absent,A5,2019,1,21.8,0,16,NA,0,8.7,3.8,33.06
TRHO,4,TRHO#4,D,Cp,3,D-Cp-3,TRHO-D-Cp-3,TRHO,247,TR-HS-CA,TR,Home,Old,Absent,B4,2019,1,38.3,0,18,NA,0,6.3,1.7,10.71
TRHO,1,TRHO#1,D,Cp,5,D-Cp-5,TRHO-D-Cp-5,TRHO,46,BL-HS-CA,BL,Home,Old,Absent,B2,2020,1,55.5,0,58,4,1,8.7,6,52.2
TRHO,1,TRHO#1,E,Cp,3-B,E-Cp-3-B,TRHO-E-Cp-3-B,TRHO,47,BL-HS-CA,BL,Home,Old,Absent,B3,2020,1,36.6,0,22,2,1,7.8,4,31.2
TRHO,1,TRHO#1,D,Cp,1,D-Cp-1,TRHO-D-Cp-1,TRHO,50,BL-HS-CA,BL,Home,Old,Absent,C1,2020,1,35.4,0,36,3,1,7.6,3.4,25.84
TRHO,1,TRHO#1,B,Cp,2,B-Cp-2,TRHO-B-Cp-2,TRHO,63,BR-HS-CP,BR,Home,Old,Present,A4,2020,1,11.8,0,20,2,2,11.3,3.9,44.07
TRHO,1,TRHO#1,G,Cp,5,G-Cp-5,TRHO-G-Cp-5,TRHO,64,BR-HS-CP,BR,Home,Old,Present,A5,2020,1,17.3,0,16,4,2,6.5,3.2,20.8
TRHO,1,TRHO#1,E,Cp,5,E-Cp-5,TRHO-E-Cp-5,TRHO,68,BR-HS-CP,BR,Home,Old,Present,B4,2020,1,45.8,0,44,3,2,9.1,3.9,35.49
TRHO,2,TRHO#2,F,Cp,5-B,F-Cp-5-B,TRHO-F-Cp-5-B,TRHO,123,BL-HS-CP,BL,Home,Old,Present,C1,2020,1,17.1,0,12,1,1,7.2,2.6,18.72
TRHO,2,TRHO#2,G,Cp,1,G-Cp-1,TRHO-G-Cp-1,TRHO,128,BL-HS-CP,BL,Home,Old,Present,D2,2020,1,54.3,0,14,1,1,10.4,3.7,38.48
TRHO,2,TRHO#2,G,Cp,2,G-Cp-2,TRHO-G-Cp-2,TRHO,129,BL-HS-CP,BL,Home,Old,Present,D3,2020,1,65.8,0,34,3,2,12.1,3.8,45.98
TRHO,2,TRHO#2,A,Cp,4-B,A-Cp-4-B,TRHO-A-Cp-4-B,TRHO,133,BR-HS-CA,BR,Home,Old,Absent,A3,2020,1,2.4,0,6,1,2,1.5,0.8,1.2
TRHO,2,TRHO#2,B,Cp,3,B-Cp-3,TRHO-B-Cp-3,TRHO,134,BR-HS-CA,BR,Home,Old,Absent,A4,2020,1,34.3,0,44,4,1,8.6,3.9,33.54
TRHO,2,TRHO#2,A,Cp,3,A-Cp-3,TRHO-A-Cp-3,TRHO,139,BR-HS-CA,BR,Home,Old,Absent,B5,2020,1,24.7,0,38,4,2,5.9,2.8,16.52
TRHO,3,TRHO#3,C,Cp,4,C-Cp-4,TRHO-C-Cp-4,TRHO,161,TL-HS-CA,TL,Home,Old,Absent,D1,2020,1,52.3,0,26,1,2,10.8,3.9,42.12
TRHO,3,TRHO#3,E,Cp,3,E-Cp-3,TRHO-E-Cp-3,TRHO,171,TR-HS-CP,TR,Home,Old,Present,B1,2020,1,54.7,0,36,2,1,8.6,4.5,38.7
TRHO,3,TRHO#3,A,Cp,4,A-Cp-4,TRHO-A-Cp-4,TRHO,172,TR-HS-CP,TR,Home,Old,Present,B2,2020,1,40,0,34,2,2,8.9,3.5,31.15
TRHO,3,TRHO#3,F,Cp,4,F-Cp-4,TRHO-F-Cp-4,TRHO,174,TR-HS-CP,TR,Home,Old,Present,B4,2020,1,25.3,0,12,1,1,7.5,3,22.5
TRHO,4,TRHO#4,G,Cp,4,G-Cp-4,TRHO-G-Cp-4,TRHO,226,TL-HS-CP,TL,Home,Old,Present,A4,2020,1,43.4,0,36,2,2,10.8,7.9,85.32
TRHO,4,TRHO#4,F,Cp,3,F-Cp-3,TRHO-F-Cp-3,TRHO,236,TL-HS-CP,TL,Home,Old,Present,D1,2020,1,32.7,0,38,2,1,9.6,3.6,34.56
TRHO,4,TRHO#4,A,Cp,1,A-Cp-1,TRHO-A-Cp-1,TRHO,244,TR-HS-CA,TR,Home,Old,Absent,A5,2020,1,41.7,0,18,1,1,10.2,4,40.8
TRHO,4,TRHO#4,D,Cp,3,D-Cp-3,TRHO-D-Cp-3,TRHO,247,TR-HS-CA,TR,Home,Old,Absent,B4,2020,1,17.1,0,30,2,3,15.2,4.5,68.4
TRHO,1,TRHO#1,D,Cp,5,D-Cp-5,TRHO-D-Cp-5,TRHO,46,BL-HS-CA,BL,Home,Old,Absent,B2,2021,1,53.2,0,42,4,1,11.9,7.2,85.68
TRHO,1,TRHO#1,E,Cp,3-B,E-Cp-3-B,TRHO-E-Cp-3-B,TRHO,47,BL-HS-CA,BL,Home,Old,Absent,B3,2021,1,57.8,0,35,3,1,11.9,7.8,92.82
TRHO,1,TRHO#1,D,Cp,1,D-Cp-1,TRHO-D-Cp-1,TRHO,50,BL-HS-CA,BL,Home,Old,Absent,C1,2021,1,51.4,0,28,2,1,8.8,3.7,32.56
TRHO,1,TRHO#1,B,Cp,2,B-Cp-2,TRHO-B-Cp-2,TRHO,63,BR-HS-CP,BR,Home,Old,Present,A4,2021,1,14.8,0,8,1,0,6,2.2,13.2
TRHO,1,TRHO#1,G,Cp,5,G-Cp-5,TRHO-G-Cp-5,TRHO,64,BR-HS-CP,BR,Home,Old,Present,A5,2021,1,8.9,0,16,3,1,5,2.1,10.5
TRHO,1,TRHO#1,E,Cp,5,E-Cp-5,TRHO-E-Cp-5,TRHO,68,BR-HS-CP,BR,Home,Old,Present,B4,2021,1,26.4,0,30,5,1,7.2,2.8,20.16
TRHO,2,TRHO#2,F,Cp,5-B,F-Cp-5-B,TRHO-F-Cp-5-B,TRHO,123,BL-HS-CP,BL,Home,Old,Present,C1,2021,1,17.4,0,16,2,1,7.8,2.8,21.84
TRHO,2,TRHO#2,G,Cp,2,G-Cp-2,TRHO-G-Cp-2,TRHO,129,BL-HS-CP,BL,Home,Old,Present,D3,2021,1,29.6,0,20,2,1,7.8,3.2,24.96
TRHO,2,TRHO#2,B,Cp,3,B-Cp-3,TRHO-B-Cp-3,TRHO,134,BR-HS-CA,BR,Home,Old,Absent,A4,2021,1,37.6,0,33,3,2,9.6,2.8,26.88
TRHO,3,TRHO#3,C,Cp,4,C-Cp-4,TRHO-C-Cp-4,TRHO,161,TL-HS-CA,TL,Home,Old,Absent,D1,2021,1,30.8,0,19,2,1,9.3,3.7,34.41
TRHO,3,TRHO#3,E,Cp,3,E-Cp-3,TRHO-E-Cp-3,TRHO,171,TR-HS-CP,TR,Home,Old,Present,B1,2021,1,44.6,0,14,1,1,9.1,4.1,37.31
TRHO,3,TRHO#3,A,Cp,4,A-Cp-4,TRHO-A-Cp-4,TRHO,172,TR-HS-CP,TR,Home,Old,Present,B2,2021,1,53.8,0,38,3,1,11,4,44
TRHO,4,TRHO#4,G,Cp,4,G-Cp-4,TRHO-G-Cp-4,TRHO,226,TL-HS-CP,TL,Home,Old,Present,A4,2021,1,21.8,0,8,1,2,5.1,3,15.3
TRHO,4,TRHO#4,D,Cp,3,D-Cp-3,TRHO-D-Cp-3,TRHO,247,TR-HS-CA,TR,Home,Old,Absent,B4,2021,1,25.2,0,22,2,1,8.2,3.7,30.34
DANA,1,DANA#1,D,Gv,5,D-Gv-5,DANA-D-Gv-5,DANA,302,TL-HS-CA,TL,Home,Intermediate,Absent,A1,2020,1,69.5,0,32,2,1,19.8,8.3,164.34
DANA,1,DANA#1,G,Gv,1,G-Gv-1,DANA-G-Gv-1,DANA,305,TL-HS-CA,TL,Home,Intermediate,Absent,A4,2020,1,70.1,0,16,1,2,24.2,9.1,220.22
DANA,1,DANA#1,D,Gv,2,D-Gv-2,DANA-D-Gv-2,DANA,306,TL-HS-CA,TL,Home,Intermediate,Absent,A5,2020,1,83.7,0,30,2,1,23.2,11.9,276.08
DANA,1,DANA#1,E,Gv,4-B,E-Gv-4-B,DANA-E-Gv-4-B,DANA,318,TR-HS-CP,TR,Home,Intermediate,Present,A5,2020,1,56.2,0,14,2,1,18.9,12.2,230.58
DANA,1,DANA#1,H,Gv,5,H-Gv-5,DANA-H-Gv-5,DANA,321,TR-HS-CP,TR,Home,Intermediate,Present,B3,2020,1,56.7,0,9,1,1,23.3,9.4,219.02
DANA,1,DANA#1,A,Gv,3,A-Gv-3,DANA-A-Gv-3,DANA,323,TR-HS-CP,TR,Home,Intermediate,Present,B5,2020,1,46.2,0,14,2,1,14.4,13.1,188.64
DANA,4,DANA#4,H,Gv,2-B,H-Gv-2-B,DANA-H-Gv-2-B,DANA,376,BL-HS-CP,BL,Home,Intermediate,Present,B2,2020,1,66.9,0,13,1,1,26.9,11.4,306.66
DANA,4,DANA#4,F,Gv,5,F-Gv-5,DANA-F-Gv-5,DANA,380,BL-HS-CP,BL,Home,Intermediate,Present,C1,2020,1,69.9,0,11,1,1,24.2,12.4,300.08
DANA,4,DANA#4,F,Gv,1,F-Gv-1,DANA-F-Gv-1,DANA,381,BL-HS-CP,BL,Home,Intermediate,Present,C2,2020,1,74.9,0,27,3,1,25.4,11.2,284.48
DANA,4,DANA#4,C,Gv,5,C-Gv-5,DANA-C-Gv-5,DANA,389,BR-HS-CA,BR,Home,Intermediate,Absent,B3,2020,1,92.6,0,60,5,2,19.7,12,236.4
DANA,4,DANA#4,A,Gv,5,A-Gv-5,DANA-A-Gv-5,DANA,392,BR-HS-CA,BR,Home,Intermediate,Absent,C1,2020,1,79.8,0,30,3,3,23.2,14,324.8
DANA,4,DANA#4,C,Gv,2,C-Gv-2,DANA-C-Gv-2,DANA,393,BR-HS-CA,BR,Home,Intermediate,Absent,C2,2020,1,100.9,0,37,3,3,20.8,20.5,426.4
DANA,2,DANA#2,D,Gv,1,D-Gv-1,DANA-D-Gv-1,DANA,404,TL-HS-CP,TL,Home,Intermediate,Present,A4,2020,1,72.6,0,13,1,2,24.4,13.9,339.16
DANA,2,DANA#2,G,Gv,3-B,G-Gv-3-B,DANA-G-Gv-3-B,DANA,405,TL-HS-CP,TL,Home,Intermediate,Present,A5,2020,1,57.6,0,13,1,1,14.8,13.7,202.76
DANA,2,DANA#2,G,Gv,3,G-GV-3,DANA-G-GV-3,DANA,407,TL-HS-CP,TL,Home,Intermediate,Present,B2,2020,1,46.8,0,10,1,1,12.2,11.8,143.96
DANA,2,DANA#2,E,Gv,4,E-Gv-4,DANA-E-Gv-4,DANA,414,TR-HS-CA,TR,Home,Intermediate,Absent,A2,2020,1,73.4,0,25,2,1,22.1,14.2,313.82
DANA,2,DANA#2,H,Gv,2,H-Gv-2,DANA-H-Gv-2,DANA,424,TR-HS-CA,TR,Home,Intermediate,Absent,C2,2020,1,58.88,0,12,1,1,9.2,9.6,88.32
DANA,3,DANA#3,E,Gv,3,E-Gv-3,DANA-E-Gv-3,DANA,471,BL-HS-CA,BL,Home,Intermediate,Absent,A3,2020,1,42.4,0,13,1,1,20.7,6.4,132.48
DANA,3,DANA#3,C,Gv,2-B,C-Gv-2-B,DANA-C-Gv-2-B,DANA,482,BR-HS-CP,BR,Home,Intermediate,Present,A2,2020,1,41.8,0,17,2,1,16.3,7.7,125.51
DANA,3,DANA#3,E,Gv,3-B,E-Gv-3-B,DANA-E-Gv-3-B,DANA,486,BR-HS-CP,BR,Home,Intermediate,Present,B1,2020,1,50.8,0,11,1,2,11.8,10.3,121.54
DANA,3,DANA#3,C,Gv,5-B,C-Gv-5-B,DANA-C-Gv-5-B,DANA,492,BR-HS-CP,BR,Home,Intermediate,Present,C2,2020,1,43.1,0,13,1,1,13.9,7.4,102.86
DANA,1,DANA#1,D,Gv,2,D-Gv-2,DANA-D-Gv-2,DANA,306,TL-HS-CA,TL,Home,Intermediate,Absent,A5,2021,1,55.5,0,15,1,2,17,14.6,248.2
DANA,1,DANA#1,E,Gv,4-B,E-Gv-4-B,DANA-E-Gv-4-B,DANA,318,TR-HS-CP,TR,Home,Intermediate,Present,A5,2021,1,55.3,0,10,1,2,30.5,15.2,463.6
DANA,1,DANA#1,H,Gv,5,H-Gv-5,DANA-H-Gv-5,DANA,321,TR-HS-CP,TR,Home,Intermediate,Present,B3,2021,1,36.6,0,8,1,2,32.4,16.8,544.32
DANA,1,DANA#1,A,Gv,3,A-Gv-3,DANA-A-Gv-3,DANA,323,TR-HS-CP,TR,Home,Intermediate,Present,B5,2021,1,41.8,0,7,1,3,27.1,12.8,346.88
DANA,4,DANA#4,H,Gv,2-B,H-Gv-2-B,DANA-H-Gv-2-B,DANA,376,BL-HS-CP,BL,Home,Intermediate,Present,B2,2021,1,34.2,0,5,1,1,13,10.2,132.6
DANA,4,DANA#4,F,Gv,5,F-Gv-5,DANA-F-Gv-5,DANA,380,BL-HS-CP,BL,Home,Intermediate,Present,C1,2021,1,24.5,0,4,1,3,11.6,8.7,100.92
DANA,4,DANA#4,C,Gv,5,C-Gv-5,DANA-C-Gv-5,DANA,389,BR-HS-CA,BR,Home,Intermediate,Absent,B3,2021,1,42,0,25,2,2,18.2,5.5,100.1
DANA,4,DANA#4,A,Gv,5,A-Gv-5,DANA-A-Gv-5,DANA,392,BR-HS-CA,BR,Home,Intermediate,Absent,C1,2021,1,24.5,0,6,1,1,20.2,6.4,129.28
DANA,4,DANA#4,C,Gv,2,C-Gv-2,DANA-C-Gv-2,DANA,393,BR-HS-CA,BR,Home,Intermediate,Absent,C2,2021,1,22.4,0,9,1,2,24.5,10.2,249.9
DANA,2,DANA#2,G,Gv,3,G-GV-3,DANA-G-GV-3,DANA,407,TL-HS-CP,TL,Home,Intermediate,Present,B2,2021,1,64.7,0,2,1,2,16.4,5.9,96.76
DANA,2,DANA#2,E,Gv,4,E-Gv-4,DANA-E-Gv-4,DANA,414,TR-HS-CA,TR,Home,Intermediate,Absent,A2,2021,1,24.1,0,6,1,0,22.5,9.1,204.75
DANA,2,DANA#2,A,Gv,5-B,A-Gv-5-B,DANA-A-Gv-5-B,DANA,422,TR-HS-CA,TR,Home,Intermediate,Absent,B5,2021,1,21.8,0,13,3,1,13.5,4.6,62.1
DANA,3,DANA#3,F,Gv,5-B,F-Gv-5-B,DANA-F-Gv-5-B,DANA,470,BL-HS-CA,BL,Home,Intermediate,Absent,A2,2021,1,49.1,0,10,1,1,22.5,11.9,267.75
DANA,3,DANA#3,G,Gv,4,G-Gv-4,DANA-G-Gv-4,DANA,472,BL-HS-CA,BL,Home,Intermediate,Absent,A4,2021,1,72.6,0,16,1,2,27.1,12.4,336.04
EAMO,3,EAMO#3,E,Gv,4,E-Gv-4,EAMO-E-Gv-4,EAMO,493,TL-HS-CA,TL,Home,Young,Absent,A1,2020,1,74.5,0,15,2,2,15.5,7.9,122.45
EAMO,3,EAMO#3,D,Gv,1,D-Gv-1,EAMO-D-Gv-1,EAMO,505,TL-HS-CA,TL,Home,Young,Absent,C4,2020,1,69.6,0,17,2,2,28.3,13.9,393.37
EAMO,3,EAMO#3,A,Gv,1,A-Gv-1,EAMO-A-Gv-1,EAMO,506,TL-HS-CA,TL,Home,Young,Absent,C5,2020,1,40.7,0,11,2,3,26.6,17,452.2
EAMO,3,EAMO#3,F,Gv,4,F-Gv-4,EAMO-F-Gv-4,EAMO,520,TR-HS-CP,TR,Home,Young,Present,B4,2020,1,86.7,0,26,3,2,26.2,15.5,406.1
EAMO,3,EAMO#3,H,Gv,3,H-Gv-3,EAMO-H-Gv-3,EAMO,526,TR-HS-CP,TR,Home,Young,Present,D1,2020,1,37.4,0,12,2,1,19.7,16.6,327.02
EAMO,4,EAMO#4,C,Gv,2-B,C-Gv-2-B,EAMO-C-Gv-2-B,EAMO,602,TL-HS-CP,TL,Home,Young,Present,A2,2020,1,16.5,0,3,1,3,21.9,2.2,48.18
EAMO,4,EAMO#4,B,Gv,3,B-Gv-3,EAMO-B-Gv-3,EAMO,605,TL-HS-CP,TL,Home,Young,Present,A5,2020,1,43.4,0,11,1,1,25.1,12.8,321.28
EAMO,4,EAMO#4,F,Gv,4-B,F-Gv-4-B,EAMO-F-Gv-4-B,EAMO,615,TL-HS-CP,TL,Home,Young,Present,D1,2020,1,68.8,0,12,1,1,23.6,9.9,233.64
EAMO,4,EAMO#4,G,Gv,2,G-Gv-2,EAMO-G-Gv-2,EAMO,619,TR-HS-CA,TR,Home,Young,Absent,A1,2020,1,72.8,0,24,2,3,16.7,9.6,160.32
EAMO,4,EAMO#4,D,Gv,2,D-Gv-2,EAMO-D-Gv-2,EAMO,620,TR-HS-CA,TR,Home,Young,Absent,A3,2020,1,67.3,0,24,3,2,31.8,17.2,546.96
EAMO,4,EAMO#4,C,Gv,2,C-Gv-2,EAMO-C-Gv-2,EAMO,621,TR-HS-CA,TR,Home,Young,Absent,A4,2020,1,67.6,0,21,2,1,26.4,14.2,374.88
EAMO,1,EAMO#1,C,Gv,4,C-Gv-4,EAMO-C-Gv-4,EAMO,739,BL-HS-CP,BL,Home,Young,Present,A2,2020,1,56.5,0,12,1,1,24.4,11.9,290.36
EAMO,1,EAMO#1,,Gv,,-Gv-,EAMO--Gv-,EAMO,740,BL-HS-CP,BL,Home,Young,Present,A3,2020,1,44.5,0,13,1,1,21.4,8.4,179.76
EAMO,1,EAMO#1,H,Gv,1-C,H-Gv-1-C,EAMO-H-Gv-1-C,EAMO,747,BL-HS-CP,BL,Home,Young,Present,B5,2020,1,74.4,0,28,2,2,10.5,20.9,219.45
EAMO,1,EAMO#1,G,Gv,5,G-Gv-5,EAMO-G-Gv-5,EAMO,752,BL-HS-CP,BL,Home,Young,Present,C5,2020,1,76.3,0,21,2,2,18.3,9.4,172.02
EAMO,1,EAMO#1,B,Gv,2,B-Gv-2,EAMO-B-Gv-2,EAMO,765,BR-HS-CA,BR,Home,Young,Absent,B3,2020,1,16.5,0,10,1,1,23.2,13.5,313.2
EAMO,1,EAMO#1,H,Gv,1,H-Gv-1,EAMO-H-Gv-1,EAMO,768,BR-HS-CA,BR,Home,Young,Absent,C1,2020,1,28.1,0,17,4,2,26.5,13.7,363.05
EAMO,1,EAMO#1,,Gv,,-Gv-,EAMO--Gv-,EAMO,776,BR-HS-CA,BR,Home,Young,Absent,D5,2020,1,82.8,0,20,2,1,25.8,14.8,381.84
EAMO,2,EAMO#2,E,Gv,4-B,E-Gv-4-B,EAMO-E-Gv-4-B,EAMO,814,BL-HS-CA,BL,Home,Young,Absent,B1,2020,1,53.8,0,13,2,3,17.5,12.8,224
EAMO,2,EAMO#2,G,Gv,2-B,G-Gv-2-B,EAMO-G-Gv-2-B,EAMO,816,BL-HS-CA,BL,Home,Young,Absent,B3,2020,1,43.7,0,16,2,2,18.2,17,309.4
EAMO,2,EAMO#2,B,Gv,3-B,B-Gv-3-B,EAMO-B-Gv-3-B,EAMO,819,BL-HS-CA,BL,Home,Young,Absent,C1,2020,1,23.1,0,9,1,3,31,17.4,539.4
EAMO,2,EAMO#2,H,Gv,3-B,H-Gv-3-B,EAMO-H-Gv-3-B,EAMO,836,BR-HS-CP,BR,Home,Young,Present,B4,2020,1,72.8,0,8,1,3,25.6,11.8,302.08
EAMO,2,EAMO#2,A,Gv,1-B,A-Gv-1-B,EAMO-A-Gv-1-B,EAMO,844,BR-HS-CP,BR,Home,Young,Present,D3,2020,1,47.6,0,8,3,3,22.1,11.5,254.15
EAMO,3,EAMO#3,D,Gv,1,D-Gv-1,EAMO-D-Gv-1,EAMO,505,TL-HS-CA,TL,Home,Young,Absent,C4,2021,1,41,0,11,1,1,24.3,6.3,153.09
EAMO,3,EAMO#3,A,Gv,1,A-Gv-1,EAMO-A-Gv-1,EAMO,506,TL-HS-CA,TL,Home,Young,Absent,C5,2021,1,33.8,0,9,1,1,27.5,14.8,407
EAMO,3,EAMO#3,H,Gv,3,H-Gv-3,EAMO-H-Gv-3,EAMO,526,TR-HS-CP,TR,Home,Young,Present,D1,2021,1,25.7,0,7,1,1,27,11.6,313.2
EAMO,4,EAMO#4,G,Gv,2,G-Gv-2,EAMO-G-Gv-2,EAMO,619,TR-HS-CA,TR,Home,Young,Absent,A1,2021,1,24.2,0,19,1,2,20,9.8,196
EAMO,1,EAMO#1,G,Gv,5,G-Gv-5,EAMO-G-Gv-5,EAMO,752,BL-HS-CP,BL,Home,Young,Present,C5,2021,1,55,0,13,1,2,21.4,10.3,220.42
EAMO,1,EAMO#1,B,Gv,2,B-Gv-2,EAMO-B-Gv-2,EAMO,765,BR-HS-CA,BR,Home,Young,Absent,B3,2021,1,39.5,0,12,1,2,25.5,13.1,334.05
EAMO,1,EAMO#1,,Gv,,-Gv-,EAMO--Gv-,EAMO,776,BR-HS-CA,BR,Home,Young,Absent,D5,2021,1,16.8,0,7,1,2,25.2,11.3,284.76
TRHO,1,TRHO#1,A,Gv,1,A-Gv-1,TRHO-A-Gv-1,TRHO,40,BL-HS-CA,BL,Home,Old,Absent,A1,2020,1,65.4,0,24,2,3,16.5,16,264
TRHO,1,TRHO#1,A,Gv,1-B,A-Gv-1-B,TRHO-A-Gv-1-B,TRHO,44,BL-HS-CA,BL,Home,Old,Absent,A5,2020,1,54.5,0,23,2,1,17.6,10.5,184.8
TRHO,1,TRHO#1,E,Gv,3,E-Gv-3,TRHO-E-Gv-3,TRHO,52,BL-HS-CA,BL,Home,Old,Absent,C3,2020,1,71.9,0,24,2,1,15.7,17.1,268.47
TRHO,1,TRHO#1,A,Gv,2,A-Gv-2,TRHO-A-Gv-2,TRHO,71,BR-HS-CP,BR,Home,Old,Present,C2,2020,1,74.8,0,14,1,1,24.3,11.1,269.73
TRHO,1,TRHO#1,F,Gv,5,F-Gv-5,TRHO-F-Gv-5,TRHO,72,BR-HS-CP,BR,Home,Old,Present,C3,2020,1,66.7,0,20,2,1,21.8,11.3,246.34
TRHO,1,TRHO#1,D,Gv,3,D-Gv-3,TRHO-D-Gv-3,TRHO,75,BR-HS-CP,BR,Home,Old,Present,D1,2020,1,67.7,0,19,2,2,29.5,15.3,451.35
TRHO,2,TRHO#2,B,Gv,3,B-Gv-3,TRHO-B-Gv-3,TRHO,119,BL-HS-CP,BL,Home,Old,Present,B1,2020,1,61.2,0,18,2,1,22.6,11.2,253.12
TRHO,2,TRHO#2,F,Gv,1,F-Gv-1,TRHO-F-Gv-1,TRHO,120,BL-HS-CP,BL,Home,Old,Present,B2,2020,1,48.3,0,28,3,2,17.9,9.7,173.63
TRHO,2,TRHO#2,C,Gv,1,C-Gv-1,TRHO-C-Gv-1,TRHO,130,BL-HS-CP,BL,Home,Old,Present,D4,2020,1,63.5,0,15,2,1,12.9,12.3,158.67
TRHO,2,TRHO#2,D,Gv,1,D-Gv-1,TRHO-D-Gv-1,TRHO,138,BR-HS-CA,BR,Home,Old,Absent,B4,2020,1,58.8,0,14,1,1,25.4,12.1,307.34
TRHO,2,TRHO#2,G,Gv,5,G-Gv-5,TRHO-G-Gv-5,TRHO,142,BR-HS-CA,BR,Home,Old,Absent,C3,2020,1,53.5,0,16,2,1,23.9,12.7,303.53
TRHO,2,TRHO#2,F,Gv,2,F-Gv-2,TRHO-F-Gv-2,TRHO,145,BR-HS-CA,BR,Home,Old,Absent,D4,2020,1,65.8,0,18,2,1,22.6,12.2,275.72
TRHO,3,TRHO#3,D,Gv,5,D-Gv-5,TRHO-D-Gv-5,TRHO,147,TL-HS-CA,TL,Home,Old,Absent,A1,2020,1,73.1,0,15,1,1,20.5,11.6,237.8
TRHO,3,TRHO#3,F,Gv,5-B,F-Gv-5-B,TRHO-F-Gv-5-B,TRHO,148,TL-HS-CA,TL,Home,Old,Absent,A2,2020,1,63,0,12,1,1,20.7,6.5,134.55
TRHO,3,TRHO#3,E,Gv,5,E-Gv-5,TRHO-E-Gv-5,TRHO,164,TL-HS-CA,TL,Home,Old,Absent,D4,2020,1,55,0,19,2,1,20.4,12.2,248.88
TRHO,3,TRHO#3,F,Gv,2-B,F-Gv-2-B,TRHO-F-Gv-2-B,TRHO,167,TR-HS-CP,TR,Home,Old,Present,A2,2020,1,42.8,0,21,2,1,24,10.4,249.6
TRHO,3,TRHO#3,A,Gv,2-B,A-Gv-2-B,TRHO-A-Gv-2-B,TRHO,175,TR-HS-CP,TR,Home,Old,Present,B5,2020,1,43.7,0,10,1,0,23.2,9.5,220.4
TRHO,3,TRHO#3,E,Gv,2,E-Gv-2,TRHO-E-Gv-2,TRHO,183,TR-HS-CP,TR,Home,Old,Present,D3,2020,1,19.5,0,11,1,1,23,12.2,280.6
TRHO,4,TRHO#4,C,Gv,1-B,C-Gv-1-B,TRHO-C-Gv-1-B,TRHO,237,TL-HS-CP,TL,Home,Old,Present,D2,2020,1,48.8,0,15,2,1,11.3,16.6,187.58
TRHO,4,TRHO#4,B,Gv,3-B,B-Gv-3-B,TRHO-B-Gv-3-B,TRHO,240,TL-HS-CP,TL,Home,Old,Present,D5,2020,1,69.5,0,9,1,1,5,14.2,71
TRHO,4,TRHO#4,A,Gv,3,A-Gv-3,TRHO-A-Gv-3,TRHO,251,TR-HS-CA,TR,Home,Old,Absent,C3,2020,1,86.5,0,30,3,2,29.3,15.9,465.87
TRHO,4,TRHO#4,A,Gv,5,A-Gv-5,TRHO-A-Gv-5,TRHO,258,TR-HS-CA,TR,Home,Old,Absent,D5,2020,1,66.6,0,20,2,1,16.6,17.3,287.18
TRHO,1,TRHO#1,A,Gv,1-B,A-Gv-1-B,TRHO-A-Gv-1-B,TRHO,44,BL-HS-CA,BL,Home,Old,Absent,A5,2021,1,51.8,0,12,2,2,13.6,16.7,227.12
TRHO,1,TRHO#1,D,Gv,3,D-Gv-3,TRHO-D-Gv-3,TRHO,75,BR-HS-CP,BR,Home,Old,Present,D1,2021,1,54.4,0,7,1,1,27.8,11.9,330.82
TRHO,2,TRHO#2,C,Gv,1,C-Gv-1,TRHO-C-Gv-1,TRHO,130,BL-HS-CP,BL,Home,Old,Present,D4,2021,1,43.1,0,9,1,1,19.5,9.4,183.3
TRHO,2,TRHO#2,G,Gv,5,G-Gv-5,TRHO-G-Gv-5,TRHO,142,BR-HS-CA,BR,Home,Old,Absent,C3,2021,1,57.9,0,10,1,1,19.7,12.4,244.28
TRHO,2,TRHO#2,F,Gv,2,F-Gv-2,TRHO-F-Gv-2,TRHO,145,BR-HS-CA,BR,Home,Old,Absent,D4,2021,1,20.4,0,7,1,1,23.5,11.3,265.55
TRHO,3,TRHO#3,D,Gv,5,D-Gv-5,TRHO-D-Gv-5,TRHO,147,TL-HS-CA,TL,Home,Old,Absent,A1,2021,1,48.5,0,15,2,1,16.2,15.9,257.58
TRHO,3,TRHO#3,F,Gv,5-B,F-Gv-5-B,TRHO-F-Gv-5-B,TRHO,148,TL-HS-CA,TL,Home,Old,Absent,A2,2021,1,58.5,0,10,1,1,21.7,10.1,219.17
TRHO,3,TRHO#3,E,Gv,5,E-Gv-5,TRHO-E-Gv-5,TRHO,164,TL-HS-CA,TL,Home,Old,Absent,D4,2021,1,25.2,0,8,1,1,24.6,11.4,280.44
TRHO,3,TRHO#3,A,Gv,2-B,A-Gv-2-B,TRHO-A-Gv-2-B,TRHO,175,TR-HS-CP,TR,Home,Old,Present,B5,2021,1,62.3,0,12,1,1,28.8,13.3,383.04
TRHO,3,TRHO#3,E,Gv,2,E-Gv-2,TRHO-E-Gv-2,TRHO,183,TR-HS-CP,TR,Home,Old,Present,D3,2021,1,32.4,0,5,1,1,21.6,8.4,181.44
TRHO,4,TRHO#4,A,Gv,3,A-Gv-3,TRHO-A-Gv-3,TRHO,251,TR-HS-CA,TR,Home,Old,Absent,C3,2021,1,57.8,0,14,1,2,23.5,11.7,274.95
TRHO,4,TRHO#4,A,Gv,5,A-Gv-5,TRHO-A-Gv-5,TRHO,258,TR-HS-CA,TR,Home,Old,Absent,D5,2021,1,23.7,0,4,1,2,27.2,13.2,359.04
DANA,1,DANA#1,F,Sa,3,F-Sa-3,DANA-F-Sa-3,DANA,311,TL-HS-CA,TL,Home,Intermediate,Absent,B5,2019,1,39.2,0,56,NA,1,5.4,2.3,12.42
DANA,1,DANA#1,F,Sa,1-B,F-Sa-1-B,DANA-F-Sa-1-B,DANA,313,TL-HS-CA,TL,Home,Intermediate,Absent,C2,2019,1,20.9,0,20,NA,0,6.2,2.6,16.12
DANA,1,DANA#1,B,Sa,5,B-Sa-5,DANA-B-Sa-5,DANA,314,TR-HS-CP,TR,Home,Intermediate,Present,A1,2019,1,38.1,0,23,NA,1,7.6,3,22.8
DANA,1,DANA#1,C,Sa,2,C-Sa-2,DANA-C-Sa-2,DANA,317,TR-HS-CP,TR,Home,Intermediate,Present,A4,2019,1,42.4,0,41,NA,2,5.6,2.6,14.56
DANA,1,DANA#1,B,Sa,5-B,B-Sa-5-B,DANA-B-Sa-5-B,DANA,322,TR-HS-CP,TR,Home,Intermediate,Present,B4,2019,1,30.6,0,23,NA,0,6.6,2.6,17.16
DANA,4,DANA#4,D,Sa,1-B,D-Sa-1-B,DANA-D-Sa-1-B,DANA,370,BL-HS-CP,BL,Home,Intermediate,Present,A1,2019,1,32.6,0,22,NA,0,9.2,2.7,24.84
DANA,4,DANA#4,H,Sa,1-B,H-Sa-1-B,DANA-H-Sa-1-B,DANA,382,BR-HS-CA,BR,Home,Intermediate,Absent,A1,2019,1,12.2,0,26,NA,0,5.9,2,11.8
DANA,4,DANA#4,H,Sa,3,H-Sa-3,DANA-H-Sa-3,DANA,383,BR-HS-CA,BR,Home,Intermediate,Absent,A2,2019,1,31.8,0,20,NA,0,7.2,3,21.6
DANA,4,DANA#4,F,Sa,3-B,F-Sa-3-B,DANA-F-Sa-3-B,DANA,386,BR-HS-CA,BR,Home,Intermediate,Absent,A5,2019,1,47.2,0,33,NA,1,10.5,4.1,43.05
DANA,2,DANA#2,A,Sa,1,A-Sa-1,DANA-A-Sa-1,DANA,401,TL-HS-CP,TL,Home,Intermediate,Present,A1,2019,1,45.7,0,18,NA,0,8.7,3.1,26.97
DANA,2,DANA#2,D,Sa,1,D-Sa-1,DANA-D-Sa-1,DANA,411,TL-HS-CP,TL,Home,Intermediate,Present,C1,2019,1,33.8,0,19,NA,0,9.3,3,27.9
DANA,2,DANA#2,F,Sa,5,F-Sa-5,DANA-F-Sa-5,DANA,416,TR-HS-CA,TR,Home,Intermediate,Absent,A4,2019,1,48.9,0,28,NA,0,7.6,3,22.8
DANA,2,DANA#2,B,Sa,4-B,B-Sa-4-B,DANA-B-Sa-4-B,DANA,419,TR-HS-CA,TR,Home,Intermediate,Absent,B2,2019,1,28.6,0,18,NA,0,10.8,3.5,37.8
DANA,3,DANA#3,F,Sa,2,F-Sa-2,DANA-F-Sa-2,DANA,473,BL-HS-CA,BL,Home,Intermediate,Absent,A5,2019,1,32.2,0,17,NA,0,10.4,3,31.2
DANA,3,DANA#3,F,Sa,1,F-Sa-1,DANA-F-Sa-1,DANA,477,BL-HS-CA,BL,Home,Intermediate,Absent,B4,2019,1,40.9,0,15,NA,0,8.3,3,24.9
DANA,3,DANA#3,C,Sa,4,C-Sa-4,DANA-C-Sa-4,DANA,483,BR-HS-CP,BR,Home,Intermediate,Present,A3,2019,1,61,0,30,NA,0,5.4,2.9,15.66
DANA,1,DANA#1,G,Sa,2,G-Sa-2,DANA-G-Sa-2,DANA,304,TL-HS-CA,TL,Home,Intermediate,Absent,A3,2020,1,23.7,0,10,1,1,18.6,5,93
DANA,1,DANA#1,F,Sa,1-B,F-Sa-1-B,DANA-F-Sa-1-B,DANA,313,TL-HS-CA,TL,Home,Intermediate,Absent,C2,2020,1,28.4,0,52,3,1,15.2,5.1,77.52
DANA,1,DANA#1,G,Sa,2,G-Sa-2,DANA-G-Sa-2,DANA,304,TL-HS-CA,TL,Home,Intermediate,Absent,A3,2021,1,25.5,0,38,3,2,24.9,5.9,146.91
DANA,1,DANA#1,F,Sa,3,F-Sa-3,DANA-F-Sa-3,DANA,311,TL-HS-CA,TL,Home,Intermediate,Absent,B5,2021,1,52.2,0,83,6,1,27.1,7.6,205.96
DANA,1,DANA#1,F,Sa,1-B,F-Sa-1-B,DANA-F-Sa-1-B,DANA,313,TL-HS-CA,TL,Home,Intermediate,Absent,C2,2021,1,73.6,0,80,4,1,25.5,6.5,165.75
DANA,4,DANA#4,H,Sa,3,H-Sa-3,DANA-H-Sa-3,DANA,383,BR-HS-CA,BR,Home,Intermediate,Absent,A2,2021,1,43.8,0,41,3,1,14.9,4.5,67.05
DANA,2,DANA#2,F,Sa,5,F-Sa-5,DANA-F-Sa-5,DANA,416,TR-HS-CA,TR,Home,Intermediate,Absent,A4,2021,1,109.8,0,154,4,1,21.2,4.7,99.64
DANA,2,DANA#2,B,Sa,4-B,B-Sa-4-B,DANA-B-Sa-4-B,DANA,419,TR-HS-CA,TR,Home,Intermediate,Absent,B2,2021,1,56.7,0,20,1,1,23.6,5.2,122.72
EAMO,4,EAMO#4,B,Sa,5-B,B-Sa-5-B,EAMO-B-Sa-5-B,EAMO,632,TR-HS-CA,TR,Home,Young,Absent,D1,2019,1,4.1,0,15,NA,0,5.3,2.7,14.31
EAMO,4,EAMO#4,H,Sa,2,H-Sa-2,EAMO-H-Sa-2,EAMO,633,TR-HS-CA,TR,Home,Young,Absent,D2,2019,1,54.1,0,65,NA,0,12.3,4.2,51.66
EAMO,1,EAMO#1,D,Sa,3,D-Sa-3,EAMO-D-Sa-3,EAMO,738,BL-HS-CP,BL,Home,Young,Present,A1,2019,1,48.6,0,23,NA,0,14.1,5.1,71.91
EAMO,2,EAMO#2,D,Sa,2,D-Sa-2,EAMO-D-Sa-2,EAMO,835,BR-HS-CP,BR,Home,Young,Present,B3,2019,1,47.4,0,19,NA,0,8.9,3.6,32.04
EAMO,2,EAMO#2,A,Sa,5,A-Sa-5,EAMO-A-Sa-5,EAMO,837,BR-HS-CP,BR,Home,Young,Present,B5,2019,1,55.4,0,53,NA,1,9.8,3.8,37.24
EAMO,3,EAMO#3,A,Sa,2-B,A-Sa-2-B,EAMO-A-Sa-2-B,EAMO,499,TL-HS-CA,TL,Home,Young,Absent,B2,2020,1,65.3,0,20,1,3,14.2,4.5,63.9
EAMO,3,EAMO#3,B,Sa,3,B-Sa-3,EAMO-B-Sa-3,EAMO,501,TL-HS-CA,TL,Home,Young,Absent,B4,2020,1,75.4,0,28,3,2,26.6,6.3,167.58
EAMO,3,EAMO#3,A,Sa,4-B,A-Sa-4-B,EAMO-A-Sa-4-B,EAMO,517,TR-HS-CP,TR,Home,Young,Present,B1,2020,1,54.8,0,23,1,1,22.4,6.3,141.12
EAMO,3,EAMO#3,B,Sa,1-B,B-Sa-1-B,EAMO-B-Sa-1-B,EAMO,518,TR-HS-CP,TR,Home,Young,Present,B2,2020,1,77.2,0,41,1,1,17,5.5,93.5
EAMO,4,EAMO#4,B,Sa,1,B-Sa-1,EAMO-B-Sa-1,EAMO,607,TL-HS-CP,TL,Home,Young,Present,B2,2020,1,72.1,0,30,1,2,19.9,6,119.4
EAMO,4,EAMO#4,B,Sa,5,B-Sa-5,EAMO-B-Sa-5,EAMO,609,TL-HS-CP,TL,Home,Young,Present,B5,2020,1,44.6,0,32,1,1,16.1,3.8,61.18
EAMO,4,EAMO#4,A,Sa,4,A-Sa-4,EAMO-A-Sa-4,EAMO,625,TR-HS-CA,TR,Home,Young,Absent,B4,2020,1,77.1,0,56,1,1,21.4,6.2,132.68
EAMO,1,EAMO#1,D,Sa,3,D-Sa-3,EAMO-D-Sa-3,EAMO,738,BL-HS-CP,BL,Home,Young,Present,A1,2020,1,43,0,18,2,1,21.8,5.3,115.54
EAMO,1,EAMO#1,G,Sa,4,G-Sa-4,EAMO-G-Sa-4,EAMO,745,BL-HS-CP,BL,Home,Young,Present,B3,2020,1,61.5,0,26,1,1,18.5,5,92.5
EAMO,1,EAMO#1,B,Sa,2,B-Sa-2,EAMO-B-Sa-2,EAMO,753,BL-HS-CP,BL,Home,Young,Present,D1,2020,1,97.1,0,34,1,0,20.1,6.1,122.61
EAMO,1,EAMO#1,D,Sa,3-B,D-Sa-3-B,EAMO-D-Sa-3-B,EAMO,767,BR-HS-CA,BR,Home,Young,Absent,B5,2020,1,12.1,0,21,3,1,21,5.2,109.2
EAMO,3,EAMO#3,B,Sa,3,B-Sa-3,EAMO-B-Sa-3,EAMO,501,TL-HS-CA,TL,Home,Young,Absent,B4,2021,1,57.2,0,34,5,1,26.4,5.9,155.76
EAMO,3,EAMO#3,A,Sa,4-B,A-Sa-4-B,EAMO-A-Sa-4-B,EAMO,517,TR-HS-CP,TR,Home,Young,Present,B1,2021,1,51.7,0,43,3,1,26.4,7.8,205.92
EAMO,3,EAMO#3,B,Sa,1-B,B-Sa-1-B,EAMO-B-Sa-1-B,EAMO,518,TR-HS-CP,TR,Home,Young,Present,B2,2021,1,72.3,0,46,3,1,25.1,5.5,138.05
EAMO,4,EAMO#4,A,Sa,4,A-Sa-4,EAMO-A-Sa-4,EAMO,625,TR-HS-CA,TR,Home,Young,Absent,B4,2021,1,64.1,0,26,2,1,27.5,6.8,187
EAMO,4,EAMO#4,B,Sa,5-B,B-Sa-5-B,EAMO-B-Sa-5-B,EAMO,632,TR-HS-CA,TR,Home,Young,Absent,D1,2021,1,28.4,0,20,1,1,20.9,4,83.6
EAMO,4,EAMO#4,H,Sa,2,H-Sa-2,EAMO-H-Sa-2,EAMO,633,TR-HS-CA,TR,Home,Young,Absent,D2,2021,1,69.4,0,34,3,1,25.1,5.9,148.09
EAMO,1,EAMO#1,D,Sa,3,D-Sa-3,EAMO-D-Sa-3,EAMO,738,BL-HS-CP,BL,Home,Young,Present,A1,2021,1,63.2,0,24,2,1,23.5,6.4,150.4
TRHO,1,TRHO#1,G,Sa,1,G-Sa-1,TRHO-G-Sa-1,TRHO,42,BL-HS-CA,BL,Home,Old,Absent,A3,2019,1,42.4,0,23,NA,0,9.1,3.5,31.85
TRHO,1,TRHO#1,D,Sa,3,D-Sa-3,TRHO-D-Sa-3,TRHO,58,BL-HS-CA,BL,Home,Old,Absent,D4,2019,1,63.2,0,10,NA,0,14.1,5,70.5
TRHO,1,TRHO#1,F,Sa,2,F-Sa-2,TRHO-F-Sa-2,TRHO,77,BR-HS-CP,BR,Home,Old,Present,D3,2019,1,54.6,0,24,NA,0,9.4,3.6,33.84
TRHO,2,TRHO#2,A,Sa,2,A-Sa-2,TRHO-A-Sa-2,TRHO,122,BL-HS-CP,BL,Home,Old,Present,B5,2019,1,74.1,0,38,NA,0,7.5,3.1,23.25
TRHO,2,TRHO#2,H,Sa,4-B,H-Sa-4-B,TRHO-H-Sa-4-B,TRHO,143,BR-HS-CA,BR,Home,Old,Absent,C4,2019,1,26.3,0,26,NA,0,7.8,3.3,25.74
TRHO,3,TRHO#3,D,Sa,5,D-Sa-5,TRHO-D-Sa-5,TRHO,159,TL-HS-CA,TL,Home,Old,Absent,C4,2019,1,22.6,0,21,NA,0,7.9,3.1,24.49
TRHO,3,TRHO#3,D,Sa,2,D-Sa-2,TRHO-D-Sa-2,TRHO,169,TR-HS-CP,TR,Home,Old,Present,A4,2019,1,45.5,0,29,NA,0,11.7,4.1,47.97
TRHO,3,TRHO#3,H,Sa,4,H-Sa-4,TRHO-H-Sa-4,TRHO,178,TR-HS-CP,TR,Home,Old,Present,C3,2019,1,28.4,0,25,NA,0,7.7,3.2,24.64
TRHO,4,TRHO#4,F,Sa,1,F-Sa-1,TRHO-F-Sa-1,TRHO,234,TL-HS-CP,TL,Home,Old,Present,C4,2019,1,30.3,0,21,NA,0,7.2,3.2,23.04
TRHO,4,TRHO#4,H,Sa,3,H-Sa-3,TRHO-H-Sa-3,TRHO,238,TL-HS-CP,TL,Home,Old,Present,D3,2019,1,38.7,0,24,NA,0,7.1,2.4,17.04
TRHO,1,TRHO#1,G,Sa,1,G-Sa-1,TRHO-G-Sa-1,TRHO,42,BL-HS-CA,BL,Home,Old,Absent,A3,2020,1,84.4,0,10,1,1,22.6,6.3,142.38
TRHO,1,TRHO#1,D,Sa,5-B,D-Sa-5-B,TRHO-D-Sa-5-B,TRHO,49,BL-HS-CA,BL,Home,Old,Absent,B5,2020,1,64.5,0,27,1,2,17.3,4.9,84.77
TRHO,1,TRHO#1,C,Sa,2-B,C-Sa-2-B,TRHO-C-Sa-2-B,TRHO,67,BR-HS-CP,BR,Home,Old,Present,B3,2020,1,75.6,0,28,1,2,18.5,5.1,94.35
TRHO,2,TRHO#2,A,Sa,2,A-Sa-2,TRHO-A-Sa-2,TRHO,122,BL-HS-CP,BL,Home,Old,Present,B5,2020,1,48.7,0,26,3,1,18,5.2,93.6
TRHO,2,TRHO#2,A,Sa,1-B,A-Sa-1-B,TRHO-A-Sa-1-B,TRHO,125,BL-HS-CP,BL,Home,Old,Present,C3,2020,1,61.4,0,26,1,1,18.9,5.5,103.95
TRHO,2,TRHO#2,H,Sa,5,H-Sa-5,TRHO-H-Sa-5,TRHO,136,BR-HS-CA,BR,Home,Old,Absent,B2,2020,1,50.3,0,83,3,2,21.1,5.8,122.38
TRHO,3,TRHO#3,A,Sa,1,A-Sa-1,TRHO-A-Sa-1,TRHO,177,TR-HS-CP,TR,Home,Old,Present,C2,2020,1,75.5,0,30,1,1,19.6,5.5,107.8
TRHO,3,TRHO#3,H,Sa,4,H-Sa-4,TRHO-H-Sa-4,TRHO,178,TR-HS-CP,TR,Home,Old,Present,C3,2020,1,54.7,0,27,1,1,15,5.4,81
TRHO,4,TRHO#4,C,Sa,1-B,C-Sa-1-B,TRHO-C-Sa-1-B,TRHO,231,TL-HS-CP,TL,Home,Old,Present,B4,2020,1,50.8,0,65,2,1,21.5,6.1,131.15
TRHO,4,TRHO#4,F,Sa,1,F-Sa-1,TRHO-F-Sa-1,TRHO,234,TL-HS-CP,TL,Home,Old,Present,C4,2020,1,6.4,0,32,2,1,16,5.2,83.2
TRHO,4,TRHO#4,H,Sa,3,H-Sa-3,TRHO-H-Sa-3,TRHO,238,TL-HS-CP,TL,Home,Old,Present,D3,2020,1,36.4,0,11,1,1,18.1,6.4,115.84
TRHO,4,TRHO#4,C,Sa,1,C-Sa-1,TRHO-C-Sa-1,TRHO,242,TR-HS-CA,TR,Home,Old,Absent,A2,2020,1,83.5,0,78,2,1,16.8,6.6,110.88
TRHO,4,TRHO#4,B,Sa,2,B-Sa-2,TRHO-B-Sa-2,TRHO,253,TR-HS-CA,TR,Home,Old,Absent,C5,2020,1,79.1,0,112,5,2,30.1,8,240.8
TRHO,4,TRHO#4,B,Sa,1,B-Sa-1,TRHO-B-Sa-1,TRHO,254,TR-HS-CA,TR,Home,Old,Absent,D1,2020,1,51.3,0,55,1,1,19.1,6.3,120.33
TRHO,1,TRHO#1,D,Sa,5-B,D-Sa-5-B,TRHO-D-Sa-5-B,TRHO,49,BL-HS-CA,BL,Home,Old,Absent,B5,2021,1,24.5,0,12,1,3,10.4,3.6,37.44
TRHO,1,TRHO#1,F,Sa,2,F-Sa-2,TRHO-F-Sa-2,TRHO,77,BR-HS-CP,BR,Home,Old,Present,D3,2021,1,62.7,0,49,3,1,21,6,126
TRHO,2,TRHO#2,A,Sa,2,A-Sa-2,TRHO-A-Sa-2,TRHO,122,BL-HS-CP,BL,Home,Old,Present,B5,2021,1,43.1,0,16,1,1,15.6,5.8,90.48
TRHO,2,TRHO#2,H,Sa,1-B,H-Sa-1-B,TRHO-H-Sa-1-B,TRHO,126,BL-HS-CP,BL,Home,Old,Present,C4,2021,1,49.6,0,33,2,1,23,7.4,170.2
TRHO,2,TRHO#2,H,Sa,5,H-Sa-5,TRHO-H-Sa-5,TRHO,136,BR-HS-CA,BR,Home,Old,Absent,B2,2021,1,59.8,0,28,5,1,24.5,5.7,139.65
TRHO,2,TRHO#2,H,Sa,4-B,H-Sa-4-B,TRHO-H-Sa-4-B,TRHO,143,BR-HS-CA,BR,Home,Old,Absent,C4,2021,1,34,0,59,2,1,19.3,6,115.8
TRHO,2,TRHO#2,F,Sa,1-B,F-Sa-1-B,TRHO-F-Sa-1-B,TRHO,146,BR-HS-CA,BR,Home,Old,Absent,D5,2021,1,80.6,0,5,2,2,12.6,5.1,64.26
TRHO,3,TRHO#3,D,Sa,2-B,D-Sa-2-B,TRHO-D-Sa-2-B,TRHO,150,TL-HS-CA,TL,Home,Old,Absent,A4,2021,1,88.6,0,55,1,1,17.8,5.7,101.46
TRHO,3,TRHO#3,D,Sa,2,D-Sa-2,TRHO-D-Sa-2,TRHO,169,TR-HS-CP,TR,Home,Old,Present,A4,2021,1,45.2,0,23,1,1,30.8,8,246.4
TRHO,4,TRHO#4,C,Sa,1-B,C-Sa-1-B,TRHO-C-Sa-1-B,TRHO,231,TL-HS-CP,TL,Home,Old,Present,B4,2021,1,23.2,0,22,5,1,29.1,6.6,192.06
TRHO,4,TRHO#4,F,Sa,1,F-Sa-1,TRHO-F-Sa-1,TRHO,234,TL-HS-CP,TL,Home,Old,Present,C4,2021,1,31.3,0,17,2,1,15.1,5.8,87.58
TRHO,4,TRHO#4,H,Sa,3,H-Sa-3,TRHO-H-Sa-3,TRHO,238,TL-HS-CP,TL,Home,Old,Present,D3,2021,1,20.6,0,4,1,1,20.6,6.3,129.78
TRHO,4,TRHO#4,C,Sa,1,C-Sa-1,TRHO-C-Sa-1,TRHO,242,TR-HS-CA,TR,Home,Old,Absent,A2,2021,1,29.6,0,23,2,2,19.4,3,58.2
TRHO,4,TRHO#4,B,Sa,2,B-Sa-2,TRHO-B-Sa-2,TRHO,253,TR-HS-CA,TR,Home,Old,Absent,C5,2021,1,67.1,0,100,2,1,21.9,5,109.5
DANA,1,DANA#1,E,Sc,5,E-Sc-5,DANA-E-Sc-5,DANA,308,TL-HS-CA,TL,Home,Intermediate,Absent,B2,2019,1,20.2,0,20,NA,3,7.1,2.3,16.33
DANA,1,DANA#1,A,Sc,4,A-Sc-4,DANA-A-Sc-4,DANA,309,TL-HS-CA,TL,Home,Intermediate,Absent,B3,2019,1,52,0,128,NA,0,6.7,2.7,18.09
DANA,1,DANA#1,G,Sc,1,G-Sc-1,DANA-G-Sc-1,DANA,312,TL-HS-CA,TL,Home,Intermediate,Absent,C1,2019,1,32.6,0,51,NA,0,8.6,3.1,26.66
DANA,1,DANA#1,F,Sc,3,F-Sc-3,DANA-F-Sc-3,DANA,319,TR-HS-CP,TR,Home,Intermediate,Present,B1,2019,1,17.9,0,22,NA,1,5.8,2.2,12.76
DANA,1,DANA#1,D,Sc,4,D-Sc-4,DANA-D-Sc-4,DANA,320,TR-HS-CP,TR,Home,Intermediate,Present,B2,2019,1,51.6,0,51,NA,0,9.3,3.1,28.83
DANA,1,DANA#1,G,Sc,4,G-Sc-4,DANA-G-Sc-4,DANA,324,TR-HS-CP,TR,Home,Intermediate,Present,C1,2019,1,54.2,0,46,NA,0,5.3,2.3,12.19
DANA,4,DANA#4,F,Sc,2,F-Sc-2,DANA-F-Sc-2,DANA,373,BL-HS-CP,BL,Home,Intermediate,Present,A4,2019,1,41.4,0,174,NA,0,8.4,3,25.2
DANA,4,DANA#4,H,Sc,2,H-Sc-2,DANA-H-Sc-2,DANA,377,BL-HS-CP,BL,Home,Intermediate,Present,B3,2019,1,32.8,0,31,NA,0,6.4,2.2,14.08
DANA,4,DANA#4,C,Sc,3,C-Sc-3,DANA-C-Sc-3,DANA,384,BR-HS-CA,BR,Home,Intermediate,Absent,A3,2019,1,35.6,0,59,NA,2,6.6,2.7,17.82
DANA,4,DANA#4,E,Sc,3,E-Sc-3,DANA-E-Sc-3,DANA,387,BR-HS-CA,BR,Home,Intermediate,Absent,B1,2019,1,46.7,0,57,NA,0,4.2,2.1,8.82
DANA,2,DANA#2,E,Sc,2,E-Sc-2,DANA-E-Sc-2,DANA,402,TL-HS-CP,TL,Home,Intermediate,Present,A2,2019,1,38.8,0,22,NA,0,5.3,2.1,11.13
DANA,2,DANA#2,G,Sc,2,G-Sc-2,DANA-G-Sc-2,DANA,410,TL-HS-CP,TL,Home,Intermediate,Present,B5,2019,1,67.1,0,33,NA,0,9.4,3.1,29.14
DANA,2,DANA#2,H,Sc,4,H-Sc-4,DANA-H-Sc-4,DANA,412,TL-HS-CP,TL,Home,Intermediate,Present,C2,2019,1,44.9,0,21,NA,0,6.8,3.1,21.08
DANA,2,DANA#2,A,Sc,2,A-Sc-2,DANA-A-Sc-2,DANA,413,TR-HS-CA,TR,Home,Intermediate,Absent,A1,2019,1,59.4,0,42,NA,1,6.9,2.5,17.25
DANA,2,DANA#2,H,Sc,1,H-Sc-1,DANA-H-Sc-1,DANA,418,TR-HS-CA,TR,Home,Intermediate,Absent,B1,2019,1,59.8,0,25,NA,0,6.8,2.7,18.36
DANA,2,DANA#2,A,Sc,3,A-Sc-3,DANA-A-Sc-3,DANA,423,TR-HS-CA,TR,Home,Intermediate,Absent,C1,2019,1,51.8,0,44,NA,0,5.7,2.1,11.97
DANA,3,DANA#3,B,Sc,5,B-Sc-5,DANA-B-Sc-5,DANA,474,BL-HS-CA,BL,Home,Intermediate,Absent,B1,2019,1,13.8,0,15,NA,0,4,2.1,8.4
DANA,3,DANA#3,G,Sc,3,G-Sc-3,DANA-G-Sc-3,DANA,475,BL-HS-CA,BL,Home,Intermediate,Absent,B2,2019,1,63.5,0,72,NA,0,8.9,3.1,27.59
DANA,3,DANA#3,B,Sc,2,B-Sc-2,DANA-B-Sc-2,DANA,481,BR-HS-CP,BR,Home,Intermediate,Present,A1,2019,1,48.7,0,42,NA,0,7.7,2.5,19.25
DANA,3,DANA#3,H,Sc,4-B,H-Sc-4-B,DANA-H-Sc-4-B,DANA,484,BR-HS-CP,BR,Home,Intermediate,Present,A4,2019,1,3.7,0,12,NA,1,3.7,1.5,5.55
DANA,3,DANA#3,C,Sc,4,C-Sc-4,DANA-C-Sc-4,DANA,487,BR-HS-CP,BR,Home,Intermediate,Present,B2,2019,1,38.4,0,24,NA,1,4.8,1.7,8.16
DANA,1,DANA#1,E,Sc,5,E-Sc-5,DANA-E-Sc-5,DANA,308,TL-HS-CA,TL,Home,Intermediate,Absent,B2,2020,1,52.8,0,43,1,3,9.4,16,150.4
DANA,1,DANA#1,A,Sc,4,A-Sc-4,DANA-A-Sc-4,DANA,309,TL-HS-CA,TL,Home,Intermediate,Absent,B3,2020,1,86.9,0,95,2,1,9.1,1.8,16.38
DANA,1,DANA#1,G,Sc,1,G-Sc-1,DANA-G-Sc-1,DANA,312,TL-HS-CA,TL,Home,Intermediate,Absent,C1,2020,1,47.3,0,152,3,2,7.6,2.2,16.72
DANA,1,DANA#1,F,Sc,3,F-Sc-3,DANA-F-Sc-3,DANA,319,TR-HS-CP,TR,Home,Intermediate,Present,B1,2020,1,55.2,0,42,1,2,8.2,2.8,22.96
DANA,1,DANA#1,D,Sc,4,D-Sc-4,DANA-D-Sc-4,DANA,320,TR-HS-CP,TR,Home,Intermediate,Present,B2,2020,1,47.6,0,64,2,1,8,1.7,13.6
DANA,1,DANA#1,G,Sc,4,G-Sc-4,DANA-G-Sc-4,DANA,324,TR-HS-CP,TR,Home,Intermediate,Present,C1,2020,1,50.6,0,120,2,1,7.6,2.5,19
DANA,4,DANA#4,F,Sc,2,F-Sc-2,DANA-F-Sc-2,DANA,373,BL-HS-CP,BL,Home,Intermediate,Present,A4,2020,1,59.8,0,58,2,2,6.7,1.9,12.73
DANA,4,DANA#4,H,Sc,2,H-Sc-2,DANA-H-Sc-2,DANA,377,BL-HS-CP,BL,Home,Intermediate,Present,B3,2020,1,47.6,0,57,2,2,8.9,1.9,16.91
DANA,4,DANA#4,B,Sc,3,B-Sc-3,DANA-B-Sc-3,DANA,378,BL-HS-CP,BL,Home,Intermediate,Present,B4,2020,1,67.4,0,99,3,3,6.9,2.2,15.18
DANA,4,DANA#4,C,Sc,3,C-Sc-3,DANA-C-Sc-3,DANA,384,BR-HS-CA,BR,Home,Intermediate,Absent,A3,2020,1,71.6,0,278,2,1,9.2,2.4,22.08
DANA,4,DANA#4,E,Sc,3,E-Sc-3,DANA-E-Sc-3,DANA,387,BR-HS-CA,BR,Home,Intermediate,Absent,B1,2020,1,55.2,0,144,4,1,8.6,1.8,15.48
DANA,4,DANA#4,F,Sc,2-B,F-Sc-2-B,DANA-F-Sc-2-B,DANA,390,BR-HS-CA,BR,Home,Intermediate,Absent,B4,2020,1,21.8,0,32,1,2,8.9,3.2,28.48
DANA,2,DANA#2,E,Sc,2,E-Sc-2,DANA-E-Sc-2,DANA,402,TL-HS-CP,TL,Home,Intermediate,Present,A2,2020,1,67.8,0,30,1,1,8.2,2.7,22.14
DANA,2,DANA#2,G,Sc,2,G-Sc-2,DANA-G-Sc-2,DANA,410,TL-HS-CP,TL,Home,Intermediate,Present,B5,2020,1,75.6,0,50,2,2,8.5,2.3,19.55
DANA,2,DANA#2,H,Sc,4,H-Sc-4,DANA-H-Sc-4,DANA,412,TL-HS-CP,TL,Home,Intermediate,Present,C2,2020,1,29.8,0,81,2,1,9.2,2.6,23.92
DANA,2,DANA#2,A,Sc,2,A-Sc-2,DANA-A-Sc-2,DANA,413,TR-HS-CA,TR,Home,Intermediate,Absent,A1,2020,1,76.4,0,74,1,2,9.1,1.6,14.56
DANA,2,DANA#2,H,Sc,1,H-Sc-1,DANA-H-Sc-1,DANA,418,TR-HS-CA,TR,Home,Intermediate,Absent,B1,2020,1,96.1,0,116,2,2,7.1,2.6,18.46
DANA,2,DANA#2,A,Sc,3,A-Sc-3,DANA-A-Sc-3,DANA,423,TR-HS-CA,TR,Home,Intermediate,Absent,C1,2020,1,82.4,0,130,2,2,9.1,1.7,15.47
DANA,3,DANA#3,B,Sc,5,B-Sc-5,DANA-B-Sc-5,DANA,474,BL-HS-CA,BL,Home,Intermediate,Absent,B1,2020,1,32.7,0,35,2,1,6.3,1.8,11.34
DANA,3,DANA#3,G,Sc,3,G-Sc-3,DANA-G-Sc-3,DANA,475,BL-HS-CA,BL,Home,Intermediate,Absent,B2,2020,1,58.9,0,51,1,1,10.1,2.6,26.26
DANA,3,DANA#3,F,Sc,1,F-Sc-1,DANA-F-Sc-1,DANA,478,BL-HS-CA,BL,Home,Intermediate,Absent,B5,2020,1,58.8,0,86,1,1,10.9,3.2,34.88
DANA,3,DANA#3,B,Sc,2,B-Sc-2,DANA-B-Sc-2,DANA,481,BR-HS-CP,BR,Home,Intermediate,Present,A1,2020,1,58.3,0,53,2,1,8,2.6,20.8
DANA,3,DANA#3,H,Sc,4-B,H-Sc-4-B,DANA-H-Sc-4-B,DANA,484,BR-HS-CP,BR,Home,Intermediate,Present,A4,2020,1,56.3,0,35,1,1,9.1,2.1,19.11
DANA,3,DANA#3,C,Sc,4,C-Sc-4,DANA-C-Sc-4,DANA,487,BR-HS-CP,BR,Home,Intermediate,Present,B2,2020,1,74.2,0,75,2,1,12.1,2.4,29.04
DANA,1,DANA#1,E,Sc,5,E-Sc-5,DANA-E-Sc-5,DANA,308,TL-HS-CA,TL,Home,Intermediate,Absent,B2,2021,1,51.3,0,68,2,1,10.5,2.7,28.35
DANA,1,DANA#1,A,Sc,4,A-Sc-4,DANA-A-Sc-4,DANA,309,TL-HS-CA,TL,Home,Intermediate,Absent,B3,2021,1,82,0,500,8,2,10.6,2,21.2
DANA,1,DANA#1,G,Sc,1,G-Sc-1,DANA-G-Sc-1,DANA,312,TL-HS-CA,TL,Home,Intermediate,Absent,C1,2021,1,102.6,0,500,6,2,8.2,2.7,22.14
DANA,1,DANA#1,F,Sc,3,F-Sc-3,DANA-F-Sc-3,DANA,319,TR-HS-CP,TR,Home,Intermediate,Present,B1,2021,1,77.7,0,64,1,3,11.4,2.5,28.5
DANA,1,DANA#1,D,Sc,4,D-Sc-4,DANA-D-Sc-4,DANA,320,TR-HS-CP,TR,Home,Intermediate,Present,B2,2021,1,93.4,0,299,4,2,11.2,2.9,32.48
DANA,1,DANA#1,G,Sc,4,G-Sc-4,DANA-G-Sc-4,DANA,324,TR-HS-CP,TR,Home,Intermediate,Present,C1,2021,1,87.3,0,433,5,3,9.6,2.8,26.88
DANA,4,DANA#4,F,Sc,2,F-Sc-2,DANA-F-Sc-2,DANA,373,BL-HS-CP,BL,Home,Intermediate,Present,A4,2021,1,56.8,0,34,1,1,5.8,1.4,8.12
DANA,4,DANA#4,H,Sc,2,H-Sc-2,DANA-H-Sc-2,DANA,377,BL-HS-CP,BL,Home,Intermediate,Present,B3,2021,1,66.5,0,78,1,1,8.4,1.8,15.12
DANA,4,DANA#4,B,Sc,3,B-Sc-3,DANA-B-Sc-3,DANA,378,BL-HS-CP,BL,Home,Intermediate,Present,B4,2021,1,82,0,192,4,1,10,2.8,28
DANA,4,DANA#4,C,Sc,3,C-Sc-3,DANA-C-Sc-3,DANA,384,BR-HS-CA,BR,Home,Intermediate,Absent,A3,2021,1,80.8,0,224,3,1,9.8,2.9,28.42
DANA,4,DANA#4,E,Sc,3,E-Sc-3,DANA-E-Sc-3,DANA,387,BR-HS-CA,BR,Home,Intermediate,Absent,B1,2021,1,29.8,0,24,2,3,7,1.9,13.3
DANA,2,DANA#2,E,Sc,2,E-Sc-2,DANA-E-Sc-2,DANA,402,TL-HS-CP,TL,Home,Intermediate,Present,A2,2021,1,86.8,0,71,1,2,8.5,2.7,22.95
DANA,2,DANA#2,G,Sc,2,G-Sc-2,DANA-G-Sc-2,DANA,410,TL-HS-CP,TL,Home,Intermediate,Present,B5,2021,1,102.5,0,237,3,2,13,2.9,37.7
DANA,2,DANA#2,H,Sc,4,H-Sc-4,DANA-H-Sc-4,DANA,412,TL-HS-CP,TL,Home,Intermediate,Present,C2,2021,1,55.6,0,255,4,2,9.7,1.9,18.43
DANA,2,DANA#2,A,Sc,2,A-Sc-2,DANA-A-Sc-2,DANA,413,TR-HS-CA,TR,Home,Intermediate,Absent,A1,2021,1,91,0,212,2,2,11.6,2.5,29
DANA,2,DANA#2,H,Sc,1,H-Sc-1,DANA-H-Sc-1,DANA,418,TR-HS-CA,TR,Home,Intermediate,Absent,B1,2021,1,109,0,235,1,2,2.7,9.2,24.84
DANA,2,DANA#2,A,Sc,3,A-Sc-3,DANA-A-Sc-3,DANA,423,TR-HS-CA,TR,Home,Intermediate,Absent,C1,2021,1,65.3,0,500,5,2,8.9,2.4,21.36
DANA,3,DANA#3,B,Sc,5,B-Sc-5,DANA-B-Sc-5,DANA,474,BL-HS-CA,BL,Home,Intermediate,Absent,B1,2021,1,13.2,0,39,1,1,8,3,24
DANA,3,DANA#3,F,Sc,1,F-Sc-1,DANA-F-Sc-1,DANA,478,BL-HS-CA,BL,Home,Intermediate,Absent,B5,2021,1,106.3,0,113,1,1,11.6,3.2,37.12
DANA,3,DANA#3,B,Sc,2,B-Sc-2,DANA-B-Sc-2,DANA,481,BR-HS-CP,BR,Home,Intermediate,Present,A1,2021,1,47.5,0,21,3,3,10.1,2.9,29.29
DANA,3,DANA#3,H,Sc,4-B,H-Sc-4-B,DANA-H-Sc-4-B,DANA,484,BR-HS-CP,BR,Home,Intermediate,Present,A4,2021,1,62,0,118,2,1,10.6,2.7,28.62
DANA,3,DANA#3,C,Sc,4,C-Sc-4,DANA-C-Sc-4,DANA,487,BR-HS-CP,BR,Home,Intermediate,Present,B2,2021,1,94.2,0,91,2,1,11.1,2.4,26.64
EAMO,3,EAMO#3,E,Sc,4,E-Sc-4,EAMO-E-Sc-4,EAMO,496,TL-HS-CA,TL,Home,Young,Absent,A4,2019,1,53.6,0,36,NA,0,7.4,2.2,16.28
EAMO,3,EAMO#3,E,Sc,1,E-Sc-1,EAMO-E-Sc-1,EAMO,508,TL-HS-CA,TL,Home,Young,Absent,D2,2019,1,49.1,0,38,NA,0,8.4,2.4,20.16
EAMO,3,EAMO#3,F,Sc,5,F-Sc-5,EAMO-F-Sc-5,EAMO,511,TL-HS-CA,TL,Home,Young,Absent,D5,2019,1,30.1,0,18,NA,0,5.2,1.8,9.36
EAMO,3,EAMO#3,C,Sc,2,C-Sc-2,EAMO-C-Sc-2,EAMO,514,TR-HS-CP,TR,Home,Young,Present,A3,2019,1,37.3,0,59,NA,2,8.1,2.2,17.82
EAMO,3,EAMO#3,D,Sc,4,D-Sc-4,EAMO-D-Sc-4,EAMO,523,TR-HS-CP,TR,Home,Young,Present,C3,2019,1,59.8,0,30,NA,0,7.8,2.6,20.28
EAMO,3,EAMO#3,A,Sc,3,A-Sc-3,EAMO-A-Sc-3,EAMO,527,TR-HS-CP,TR,Home,Young,Present,D2,2019,1,67.3,0,75,NA,0,7.5,3.2,24
EAMO,4,EAMO#4,D,Sc,3,D-Sc-3,EAMO-D-Sc-3,EAMO,604,TL-HS-CP,TL,Home,Young,Present,A4,2019,1,65.9,0,110,NA,0,9.7,3.1,30.07
EAMO,4,EAMO#4,G,Sc,4,G-Sc-4,EAMO-G-Sc-4,EAMO,608,TL-HS-CP,TL,Home,Young,Present,B4,2019,1,32.1,0,75,NA,0,7.7,2.7,20.79
EAMO,4,EAMO#4,B,Sc,4,B-Sc-4,EAMO-B-Sc-4,EAMO,611,TL-HS-CP,TL,Home,Young,Present,C2,2019,1,56.2,0,39,NA,0,6.1,2.2,13.42
EAMO,4,EAMO#4,G,Sc,5,G-Sc-5,EAMO-G-Sc-5,EAMO,624,TR-HS-CA,TR,Home,Young,Absent,B3,2019,1,38.4,0,101,NA,0,6.9,2.2,15.18
EAMO,4,EAMO#4,D,Sc,5,D-Sc-5,EAMO-D-Sc-5,EAMO,627,TR-HS-CA,TR,Home,Young,Absent,C1,2019,1,42.2,0,26,NA,0,5.7,1.7,9.69
EAMO,4,EAMO#4,F,Sc,2,F-Sc-2,EAMO-F-Sc-2,EAMO,634,TR-HS-CA,TR,Home,Young,Absent,D3,2019,1,45.8,0,36,NA,0,6.4,2.8,17.92
EAMO,1,EAMO#1,D,Sc,1,D-Sc-1,EAMO-D-Sc-1,EAMO,742,BL-HS-CP,BL,Home,Young,Present,A5,2019,1,40.6,0,14,NA,0,7.8,3,23.4
EAMO,1,EAMO#1,C,Sc,1,C-Sc-1,EAMO-C-Sc-1,EAMO,749,BL-HS-CP,BL,Home,Young,Present,C2,2019,1,52.7,0,12,NA,0,8.1,2.9,23.49
EAMO,1,EAMO#1,A,Sc,4,A-Sc-4,EAMO-A-Sc-4,EAMO,751,BL-HS-CP,BL,Home,Young,Present,C4,2019,1,23.6,0,16,NA,0,5.4,2,10.8
EAMO,1,EAMO#1,B,Sc,5,B-Sc-5,EAMO-B-Sc-5,EAMO,760,BR-HS-CA,BR,Home,Young,Absent,A3,2019,1,52.8,0,11,NA,0,7.4,3.4,25.16
EAMO,1,EAMO#1,C,Sc,3,C-Sc-3,EAMO-C-Sc-3,EAMO,766,BR-HS-CA,BR,Home,Young,Absent,B4,2019,1,65.9,0,12,NA,0,8.3,3.4,28.22
EAMO,1,EAMO#1,E,Sc,5,E-Sc-5,EAMO-E-Sc-5,EAMO,774,BR-HS-CA,BR,Home,Young,Absent,D2,2019,1,36.9,0,26,NA,0,6.2,1.9,11.78
EAMO,2,EAMO#2,G,Sc,2,G-Sc-2,EAMO-G-Sc-2,EAMO,810,BL-HS-CA,BL,Home,Young,Absent,A2,2019,1,60.2,0,46,NA,0,9.1,2.5,22.75
EAMO,2,EAMO#2,G,Sc,1,G-Sc-1,EAMO-G-Sc-1,EAMO,812,BL-HS-CA,BL,Home,Young,Absent,A4,2019,1,59.9,0,48,NA,0,6.9,2.4,16.56
EAMO,2,EAMO#2,F,Sc,3,F-Sc-3,EAMO-F-Sc-3,EAMO,821,BL-HS-CA,BL,Home,Young,Absent,C4,2019,1,48.4,0,40,NA,0,6.8,2.4,16.32
EAMO,2,EAMO#2,C,Sc,5,C-Sc-5,EAMO-C-Sc-5,EAMO,829,BR-HS-CP,BR,Home,Young,Present,A2,2019,1,53.3,0,37,NA,0,9,3.1,27.9
EAMO,2,EAMO#2,E,Sc,2,E-Sc-2,EAMO-E-Sc-2,EAMO,842,BR-HS-CP,BR,Home,Young,Present,C5,2019,1,54.3,0,76,NA,0,7.4,2.4,17.76
EAMO,2,EAMO#2,E,Sc,3,E-Sc-3,EAMO-E-Sc-3,EAMO,845,BR-HS-CP,BR,Home,Young,Present,D4,2019,1,56.2,0,54,NA,0,8.1,2.7,21.87
EAMO,3,EAMO#3,E,Sc,4,E-Sc-4,EAMO-E-Sc-4,EAMO,496,TL-HS-CA,TL,Home,Young,Absent,A4,2020,1,71.4,0,117,2,1,12.3,2.6,31.98
EAMO,3,EAMO#3,E,Sc,1,E-Sc-1,EAMO-E-Sc-1,EAMO,508,TL-HS-CA,TL,Home,Young,Absent,D2,2020,1,73.4,0,203,2,0,12.1,3.1,37.51
EAMO,3,EAMO#3,F,Sc,5,F-Sc-5,EAMO-F-Sc-5,EAMO,511,TL-HS-CA,TL,Home,Young,Absent,D5,2020,1,75.9,0,178,2,1,12.1,3,36.3
EAMO,3,EAMO#3,C,Sc,2,C-Sc-2,EAMO-C-Sc-2,EAMO,514,TR-HS-CP,TR,Home,Young,Present,A3,2020,1,95.3,0,177,3,2,10.6,2.8,29.68
EAMO,3,EAMO#3,D,Sc,4,D-Sc-4,EAMO-D-Sc-4,EAMO,523,TR-HS-CP,TR,Home,Young,Present,C3,2020,1,78.3,0,165,3,1,9.8,2.9,28.42
EAMO,3,EAMO#3,A,Sc,3,A-Sc-3,EAMO-A-Sc-3,EAMO,527,TR-HS-CP,TR,Home,Young,Present,D2,2020,1,53.2,0,67,1,3,11.4,3.1,35.34
EAMO,4,EAMO#4,D,Sc,3,D-Sc-3,EAMO-D-Sc-3,EAMO,604,TL-HS-CP,TL,Home,Young,Present,A4,2020,1,48.4,0,201,3,1,10.1,2.4,24.24
EAMO,4,EAMO#4,G,Sc,4,G-Sc-4,EAMO-G-Sc-4,EAMO,608,TL-HS-CP,TL,Home,Young,Present,B4,2020,1,84.9,0,237,2,1,11.4,2.6,29.64
EAMO,4,EAMO#4,B,Sc,4,B-Sc-4,EAMO-B-Sc-4,EAMO,611,TL-HS-CP,TL,Home,Young,Present,C2,2020,1,97.4,0,163,4,1,10.6,2.4,25.44
EAMO,4,EAMO#4,G,Sc,5,G-Sc-5,EAMO-G-Sc-5,EAMO,624,TR-HS-CA,TR,Home,Young,Absent,B3,2020,1,58.8,0,220,1,1,12.1,3.3,39.93
EAMO,4,EAMO#4,D,Sc,5,D-Sc-5,EAMO-D-Sc-5,EAMO,627,TR-HS-CA,TR,Home,Young,Absent,C1,2020,1,71.3,0,303,3,1,13.2,2.3,30.36
EAMO,4,EAMO#4,F,Sc,2,F-Sc-2,EAMO-F-Sc-2,EAMO,634,TR-HS-CA,TR,Home,Young,Absent,D3,2020,1,46.3,0,186,2,1,9.1,2.6,23.66
EAMO,1,EAMO#1,D,Sc,1,D-Sc-1,EAMO-D-Sc-1,EAMO,742,BL-HS-CP,BL,Home,Young,Present,A5,2020,1,75.2,0,62,1,1,11.5,3.4,39.1
EAMO,1,EAMO#1,C,Sc,1,C-Sc-1,EAMO-C-Sc-1,EAMO,749,BL-HS-CP,BL,Home,Young,Present,C2,2020,1,79.2,0,78,2,1,12.2,2.4,29.28
EAMO,1,EAMO#1,A,Sc,4,A-Sc-4,EAMO-A-Sc-4,EAMO,751,BL-HS-CP,BL,Home,Young,Present,C4,2020,1,64.8,0,61,2,1,8.6,2.5,21.5
EAMO,1,EAMO#1,B,Sc,5,B-Sc-5,EAMO-B-Sc-5,EAMO,760,BR-HS-CA,BR,Home,Young,Absent,A3,2020,1,56.1,0,142,2,1,7.8,1.4,10.92
EAMO,1,EAMO#1,C,Sc,3,C-Sc-3,EAMO-C-Sc-3,EAMO,766,BR-HS-CA,BR,Home,Young,Absent,B4,2020,1,57.8,0,127,2,1,10,1.9,19
EAMO,1,EAMO#1,E,Sc,5,E-Sc-5,EAMO-E-Sc-5,EAMO,774,BR-HS-CA,BR,Home,Young,Absent,D2,2020,1,78.3,0,99,2,2,9.8,1.9,18.62
EAMO,2,EAMO#2,G,Sc,2,G-Sc-2,EAMO-G-Sc-2,EAMO,810,BL-HS-CA,BL,Home,Young,Absent,A2,2020,1,86.6,0,125,3,0,11,2.5,27.5
EAMO,2,EAMO#2,G,Sc,1,G-Sc-1,EAMO-G-Sc-1,EAMO,812,BL-HS-CA,BL,Home,Young,Absent,A4,2020,1,75.4,0,103,1,1,12.2,4,48.8
EAMO,2,EAMO#2,F,Sc,3,F-Sc-3,EAMO-F-Sc-3,EAMO,821,BL-HS-CA,BL,Home,Young,Absent,C4,2020,1,50.7,0,49,2,1,12.1,3.8,45.98
EAMO,3,EAMO#3,E,Sc,4,E-Sc-4,EAMO-E-Sc-4,EAMO,496,TL-HS-CA,TL,Home,Young,Absent,A4,2021,1,78,0,140,2,1,10,1.3,13
EAMO,3,EAMO#3,E,Sc,1,E-Sc-1,EAMO-E-Sc-1,EAMO,508,TL-HS-CA,TL,Home,Young,Absent,D2,2021,1,83.6,0,250,4,1,10.6,2.6,27.56
EAMO,3,EAMO#3,F,Sc,5,F-Sc-5,EAMO-F-Sc-5,EAMO,511,TL-HS-CA,TL,Home,Young,Absent,D5,2021,1,113.2,0,226,3,1,10.9,2.7,29.43
EAMO,3,EAMO#3,C,Sc,2,C-Sc-2,EAMO-C-Sc-2,EAMO,514,TR-HS-CP,TR,Home,Young,Present,A3,2021,1,92.5,0,446,7,1,9.3,2.8,26.04
EAMO,3,EAMO#3,D,Sc,4,D-Sc-4,EAMO-D-Sc-4,EAMO,523,TR-HS-CP,TR,Home,Young,Present,C3,2021,1,101.3,0,413,7,1,10.1,2,20.2
EAMO,4,EAMO#4,D,Sc,3,D-Sc-3,EAMO-D-Sc-3,EAMO,604,TL-HS-CP,TL,Home,Young,Present,A4,2021,1,86,0,500,6,1,10.6,2.7,28.62
EAMO,4,EAMO#4,G,Sc,4,G-Sc-4,EAMO-G-Sc-4,EAMO,608,TL-HS-CP,TL,Home,Young,Present,B4,2021,1,95.2,0,500,4,1,10.9,2.7,29.43
EAMO,4,EAMO#4,B,Sc,4,B-Sc-4,EAMO-B-Sc-4,EAMO,611,TL-HS-CP,TL,Home,Young,Present,C2,2021,1,101,0,303,6,0,12.1,2.9,35.09
EAMO,4,EAMO#4,G,Sc,5,G-Sc-5,EAMO-G-Sc-5,EAMO,624,TR-HS-CA,TR,Home,Young,Absent,B3,2021,1,79.2,0,500,1,1,13.4,2.4,32.16
EAMO,4,EAMO#4,D,Sc,5,D-Sc-5,EAMO-D-Sc-5,EAMO,627,TR-HS-CA,TR,Home,Young,Absent,C1,2021,1,110.5,0,500,9,1,12.9,2.3,29.67
EAMO,4,EAMO#4,F,Sc,2,F-Sc-2,EAMO-F-Sc-2,EAMO,634,TR-HS-CA,TR,Home,Young,Absent,D3,2021,1,71.9,0,287,3,1,9.7,2,19.4
EAMO,1,EAMO#1,D,Sc,1,D-Sc-1,EAMO-D-Sc-1,EAMO,742,BL-HS-CP,BL,Home,Young,Present,A5,2021,1,104,0,145,2,1,10.7,2.2,23.54
EAMO,1,EAMO#1,C,Sc,1,C-Sc-1,EAMO-C-Sc-1,EAMO,749,BL-HS-CP,BL,Home,Young,Present,C2,2021,1,108.7,0,242,4,1,10,1.3,13
EAMO,1,EAMO#1,A,Sc,4,A-Sc-4,EAMO-A-Sc-4,EAMO,751,BL-HS-CP,BL,Home,Young,Present,C4,2021,1,93,0,166,3,1,11.1,1.7,18.87
EAMO,1,EAMO#1,B,Sc,5,B-Sc-5,EAMO-B-Sc-5,EAMO,760,BR-HS-CA,BR,Home,Young,Absent,A3,2021,1,84,0,446,6,1,9.5,2.1,19.95
EAMO,1,EAMO#1,C,Sc,3,C-Sc-3,EAMO-C-Sc-3,EAMO,766,BR-HS-CA,BR,Home,Young,Absent,B4,2021,1,78.1,0,500,4,1,12.7,2.3,29.21
EAMO,1,EAMO#1,E,Sc,5,E-Sc-5,EAMO-E-Sc-5,EAMO,774,BR-HS-CA,BR,Home,Young,Absent,D2,2021,1,82.3,0,81,4,3,11.2,2.5,28
EAMO,2,EAMO#2,G,Sc,2,G-Sc-2,EAMO-G-Sc-2,EAMO,810,BL-HS-CA,BL,Home,Young,Absent,A2,2021,1,55.5,0,500,7,1,13.2,2.4,31.68
EAMO,2,EAMO#2,G,Sc,1,G-Sc-1,EAMO-G-Sc-1,EAMO,812,BL-HS-CA,BL,Home,Young,Absent,A4,2021,1,43.2,0,307,6,2,12.1,2.6,31.46
EAMO,2,EAMO#2,F,Sc,3,F-Sc-3,EAMO-F-Sc-3,EAMO,821,BL-HS-CA,BL,Home,Young,Absent,C4,2021,1,46.4,0,103,3,1,10.5,2.8,29.4
TRHO,1,TRHO#1,H,Sc,3,H-Sc-3,TRHO-H-Sc-3,TRHO,41,BL-HS-CA,BL,Home,Old,Absent,A2,2019,1,28.6,0,10,NA,0,7,2.9,20.3
TRHO,1,TRHO#1,B,Sc,2,B-Sc-2,TRHO-B-Sc-2,TRHO,51,BL-HS-CA,BL,Home,Old,Absent,C2,2019,1,48.4,0,10,NA,0,6.9,3.2,22.08
TRHO,1,TRHO#1,E,Sc,1,E-Sc-1,TRHO-E-Sc-1,TRHO,59,BL-HS-CA,BL,Home,Old,Absent,D5,2019,1,23.6,0,8,NA,0,7,2.8,19.6
TRHO,1,TRHO#1,C,Sc,3,C-Sc-3,TRHO-C-Sc-3,TRHO,65,BR-HS-CP,BR,Home,Old,Present,B1,2019,1,50.4,0,30,NA,0,5.8,2.3,13.34
TRHO,1,TRHO#1,A,Sc,2,A-Sc-2,TRHO-A-Sc-2,TRHO,69,BR-HS-CP,BR,Home,Old,Present,B5,2019,1,36.8,0,30,NA,0,6.8,2.3,15.64
TRHO,1,TRHO#1,C,Sc,5,C-Sc-5,TRHO-C-Sc-5,TRHO,78,BR-HS-CP,BR,Home,Old,Present,D4,2019,1,40.7,0,23,NA,0,8.1,2.7,21.87
TRHO,2,TRHO#2,D,Sc,3,D-Sc-3,TRHO-D-Sc-3,TRHO,115,BL-HS-CP,BL,Home,Old,Present,A1,2019,1,36.7,0,24,NA,0,5.8,2.3,13.34
TRHO,2,TRHO#2,D,Sc,2,D-Sc-2,TRHO-D-Sc-2,TRHO,124,BL-HS-CP,BL,Home,Old,Present,C2,2019,1,35.3,0,27,NA,0,7.6,2.9,22.04
TRHO,2,TRHO#2,F,Sc,3,F-Sc-3,TRHO-F-Sc-3,TRHO,127,BL-HS-CP,BL,Home,Old,Present,C5,2019,1,45.9,0,24,NA,0,3.9,2.4,9.36
TRHO,2,TRHO#2,A,Sc,4,A-Sc-4,TRHO-A-Sc-4,TRHO,135,BR-HS-CA,BR,Home,Old,Absent,A5,2019,1,36,0,21,NA,0,7.3,2.3,16.79
TRHO,2,TRHO#2,H,Sc,2,H-Sc-2,TRHO-H-Sc-2,TRHO,141,BR-HS-CA,BR,Home,Old,Absent,C2,2019,1,32.4,0,25,NA,0,5.4,2.3,12.42
TRHO,2,TRHO#2,A,Sc,1,A-Sc-1,TRHO-A-Sc-1,TRHO,144,BR-HS-CA,BR,Home,Old,Absent,C5,2019,1,39.6,0,42,NA,0,7.3,2.8,20.44
TRHO,3,TRHO#3,H,Sc,5,H-Sc-5,TRHO-H-Sc-5,TRHO,152,TL-HS-CA,TL,Home,Old,Absent,B1,2019,1,45.6,0,24,NA,0,6.1,2.4,14.64
TRHO,3,TRHO#3,D,Sc,1,D-Sc-1,TRHO-D-Sc-1,TRHO,160,TL-HS-CA,TL,Home,Old,Absent,C5,2019,1,45.6,0,23,NA,0,5.9,3,17.7
TRHO,3,TRHO#3,D,Sc,4,D-Sc-4,TRHO-D-Sc-4,TRHO,162,TL-HS-CA,TL,Home,Old,Absent,D2,2019,1,45.4,0,42,NA,0,6.1,2.5,15.25
TRHO,3,TRHO#3,H,Sc,1,H-Sc-1,TRHO-H-Sc-1,TRHO,176,TR-HS-CP,TR,Home,Old,Present,C1,2019,1,45.5,0,55,NA,0,7.1,3.1,22.01
TRHO,3,TRHO#3,B,Sc,4,B-Sc-4,TRHO-B-Sc-4,TRHO,179,TR-HS-CP,TR,Home,Old,Present,C4,2019,1,53.8,0,96,NA,0,8.9,3.2,28.48
TRHO,4,TRHO#4,G,Sc,3,G-Sc-3,TRHO-G-Sc-3,TRHO,224,TL-HS-CP,TL,Home,Old,Present,A2,2019,1,22.8,0,16,NA,0,5.6,2.2,12.32
TRHO,4,TRHO#4,G,Sc,5,G-Sc-5,TRHO-G-Sc-5,TRHO,227,TL-HS-CP,TL,Home,Old,Present,A5,2019,1,33.4,0,26,NA,0,4.7,2.2,10.34
TRHO,4,TRHO#4,C,Sc,1,C-Sc-1,TRHO-C-Sc-1,TRHO,233,TL-HS-CP,TL,Home,Old,Present,C2,2019,1,41.4,0,50,NA,0,7.9,2.2,17.38
TRHO,4,TRHO#4,C,Sc,2,C-Sc-2,TRHO-C-Sc-2,TRHO,252,TR-HS-CA,TR,Home,Old,Absent,C4,2019,1,56.8,0,70,NA,0,7.6,3.2,24.32
TRHO,4,TRHO#4,F,Sc,4,F-Sc-4,TRHO-F-Sc-4,TRHO,256,TR-HS-CA,TR,Home,Old,Absent,D3,2019,1,44.2,0,45,NA,0,5.1,1.9,9.69
TRHO,4,TRHO#4,F,Sc,1,F-Sc-1,TRHO-F-Sc-1,TRHO,257,TR-HS-CA,TR,Home,Old,Absent,D4,2019,1,16.4,0,17,NA,0,5,1.9,9.5
TRHO,1,TRHO#1,H,Sc,3,H-Sc-3,TRHO-H-Sc-3,TRHO,41,BL-HS-CA,BL,Home,Old,Absent,A2,2020,1,69.4,0,28,3,1,23.1,13,300.3
TRHO,1,TRHO#1,B,Sc,2,B-Sc-2,TRHO-B-Sc-2,TRHO,51,BL-HS-CA,BL,Home,Old,Absent,C2,2020,1,16.8,0,18,2,1,5.1,2.4,12.24
TRHO,1,TRHO#1,E,Sc,1,E-Sc-1,TRHO-E-Sc-1,TRHO,59,BL-HS-CA,BL,Home,Old,Absent,D5,2020,1,72.1,0,22,2,1,20.2,13.6,274.72
TRHO,1,TRHO#1,C,Sc,3,C-Sc-3,TRHO-C-Sc-3,TRHO,65,BR-HS-CP,BR,Home,Old,Present,B1,2020,1,73.4,0,56,2,1,10.6,2.8,29.68
TRHO,1,TRHO#1,A,Sc,2,A-Sc-2,TRHO-A-Sc-2,TRHO,69,BR-HS-CP,BR,Home,Old,Present,B5,2020,1,21.4,0,56,1,0,11.8,2.6,30.68
TRHO,1,TRHO#1,C,Sc,5,C-Sc-5,TRHO-C-Sc-5,TRHO,78,BR-HS-CP,BR,Home,Old,Present,D4,2020,1,53.7,0,73,2,1,10.5,2.4,25.2
TRHO,2,TRHO#2,D,Sc,3,D-Sc-3,TRHO-D-Sc-3,TRHO,115,BL-HS-CP,BL,Home,Old,Present,A1,2020,1,74.9,0,69,2,1,9.9,2.5,24.75
TRHO,2,TRHO#2,D,Sc,2,D-Sc-2,TRHO-D-Sc-2,TRHO,124,BL-HS-CP,BL,Home,Old,Present,C2,2020,1,80.3,0,91,1,1,10.8,4.1,44.28
TRHO,2,TRHO#2,F,Sc,3,F-Sc-3,TRHO-F-Sc-3,TRHO,127,BL-HS-CP,BL,Home,Old,Present,C5,2020,1,54.4,0,46,1,1,12.4,3.7,45.88
TRHO,2,TRHO#2,A,Sc,4,A-Sc-4,TRHO-A-Sc-4,TRHO,135,BR-HS-CA,BR,Home,Old,Absent,A5,2020,1,38.1,0,70,2,1,11.6,2.9,33.64
TRHO,2,TRHO#2,H,Sc,2,H-Sc-2,TRHO-H-Sc-2,TRHO,141,BR-HS-CA,BR,Home,Old,Absent,C2,2020,1,62,0,75,2,1,10.2,3,30.6
TRHO,2,TRHO#2,A,Sc,1,A-Sc-1,TRHO-A-Sc-1,TRHO,144,BR-HS-CA,BR,Home,Old,Absent,C5,2020,1,69.3,0,127,2,1,9.1,2.4,21.84
TRHO,3,TRHO#3,H,Sc,5,H-Sc-5,TRHO-H-Sc-5,TRHO,152,TL-HS-CA,TL,Home,Old,Absent,B1,2020,1,83.9,0,121,2,1,8.9,2.7,24.03
TRHO,3,TRHO#3,D,Sc,1,D-Sc-1,TRHO-D-Sc-1,TRHO,160,TL-HS-CA,TL,Home,Old,Absent,C5,2020,1,62.3,0,39,1,1,11.2,3.7,41.44
TRHO,3,TRHO#3,D,Sc,4,D-Sc-4,TRHO-D-Sc-4,TRHO,162,TL-HS-CA,TL,Home,Old,Absent,D2,2020,1,73.9,0,95,2,1,9.1,2.1,19.11
TRHO,3,TRHO#3,H,Sc,1,H-Sc-1,TRHO-H-Sc-1,TRHO,176,TR-HS-CP,TR,Home,Old,Present,C1,2020,1,59.5,0,81,1,0,11.2,2.5,28
TRHO,3,TRHO#3,B,Sc,4,B-Sc-4,TRHO-B-Sc-4,TRHO,179,TR-HS-CP,TR,Home,Old,Present,C4,2020,1,76.5,0,113,2,1,8.8,1.9,16.72
TRHO,3,TRHO#3,A,Sc,3,A-Sc-3,TRHO-A-Sc-3,TRHO,180,TR-HS-CP,TR,Home,Old,Present,C5,2020,1,35.6,0,103,1,1,10.6,2.4,25.44
TRHO,4,TRHO#4,G,Sc,3,G-Sc-3,TRHO-G-Sc-3,TRHO,224,TL-HS-CP,TL,Home,Old,Present,A2,2020,1,16.8,0,13,1,0,12,2,24
TRHO,4,TRHO#4,G,Sc,5,G-Sc-5,TRHO-G-Sc-5,TRHO,227,TL-HS-CP,TL,Home,Old,Present,A5,2020,1,60.3,0,26,1,1,8.8,2.6,22.88
TRHO,4,TRHO#4,C,Sc,1,C-Sc-1,TRHO-C-Sc-1,TRHO,233,TL-HS-CP,TL,Home,Old,Present,C2,2020,1,82,0,150,1,1,11.7,3.8,44.46
TRHO,4,TRHO#4,C,Sc,2,C-Sc-2,TRHO-C-Sc-2,TRHO,252,TR-HS-CA,TR,Home,Old,Absent,C4,2020,1,89.1,0,356,3,1,9.1,2.7,24.57
TRHO,4,TRHO#4,F,Sc,4,F-Sc-4,TRHO-F-Sc-4,TRHO,256,TR-HS-CA,TR,Home,Old,Absent,D3,2020,1,34.9,0,278,2,1,10.2,2.6,26.52
TRHO,4,TRHO#4,F,Sc,1,F-Sc-1,TRHO-F-Sc-1,TRHO,257,TR-HS-CA,TR,Home,Old,Absent,D4,2020,1,50.6,0,236,2,1,11.1,2.6,28.86
TRHO,1,TRHO#1,H,Sc,3,H-Sc-3,TRHO-H-Sc-3,TRHO,41,BL-HS-CA,BL,Home,Old,Absent,A2,2021,1,74,0,74,1,1,10.2,2.7,27.54
TRHO,1,TRHO#1,B,Sc,2,B-Sc-2,TRHO-B-Sc-2,TRHO,51,BL-HS-CA,BL,Home,Old,Absent,C2,2021,1,34.2,0,33,2,2,7.8,3,23.4
TRHO,1,TRHO#1,E,Sc,1,E-Sc-1,TRHO-E-Sc-1,TRHO,59,BL-HS-CA,BL,Home,Old,Absent,D5,2021,1,94,0,74,2,1,11.7,2.9,33.93
TRHO,1,TRHO#1,C,Sc,3,C-Sc-3,TRHO-C-Sc-3,TRHO,65,BR-HS-CP,BR,Home,Old,Present,B1,2021,1,101,0,205,1,1,10.6,2.4,25.44
TRHO,1,TRHO#1,A,Sc,2,A-Sc-2,TRHO-A-Sc-2,TRHO,69,BR-HS-CP,BR,Home,Old,Present,B5,2021,1,88.1,0,220,3,1,10.6,2,21.2
TRHO,1,TRHO#1,C,Sc,5,C-Sc-5,TRHO-C-Sc-5,TRHO,78,BR-HS-CP,BR,Home,Old,Present,D4,2021,1,77.3,0,149,4,1,12.2,2.5,30.5
TRHO,2,TRHO#2,D,Sc,3,D-Sc-3,TRHO-D-Sc-3,TRHO,115,BL-HS-CP,BL,Home,Old,Present,A1,2021,1,87.5,0,159,3,1,9.5,3.1,29.45
TRHO,2,TRHO#2,D,Sc,2,D-Sc-2,TRHO-D-Sc-2,TRHO,124,BL-HS-CP,BL,Home,Old,Present,C2,2021,1,86,0,177,4,1,11.1,3,33.3
TRHO,2,TRHO#2,F,Sc,3,F-Sc-3,TRHO-F-Sc-3,TRHO,127,BL-HS-CP,BL,Home,Old,Present,C5,2021,1,79.5,0,112,2,1,11,3.2,35.2
TRHO,2,TRHO#2,A,Sc,4,A-Sc-4,TRHO-A-Sc-4,TRHO,135,BR-HS-CA,BR,Home,Old,Absent,A5,2021,1,81,0,305,2,1,11,3.5,38.5
TRHO,2,TRHO#2,H,Sc,2,H-Sc-2,TRHO-H-Sc-2,TRHO,141,BR-HS-CA,BR,Home,Old,Absent,C2,2021,1,77.5,0,251,5,1,10.3,3.2,32.96
TRHO,2,TRHO#2,A,Sc,1,A-Sc-1,TRHO-A-Sc-1,TRHO,144,BR-HS-CA,BR,Home,Old,Absent,C5,2021,1,78.9,0,245,1,1,10.1,2.7,27.27
TRHO,3,TRHO#3,H,Sc,5,H-Sc-5,TRHO-H-Sc-5,TRHO,152,TL-HS-CA,TL,Home,Old,Absent,B1,2021,1,92,0,286,1,1,11,3.4,37.4
TRHO,3,TRHO#3,D,Sc,1,D-Sc-1,TRHO-D-Sc-1,TRHO,160,TL-HS-CA,TL,Home,Old,Absent,C5,2021,1,84.3,0,230,1,1,11.4,3.2,36.48
TRHO,3,TRHO#3,D,Sc,4,D-Sc-4,TRHO-D-Sc-4,TRHO,162,TL-HS-CA,TL,Home,Old,Absent,D2,2021,1,90,0,389,6,1,11.3,2.8,31.64
TRHO,3,TRHO#3,H,Sc,1,H-Sc-1,TRHO-H-Sc-1,TRHO,176,TR-HS-CP,TR,Home,Old,Present,C1,2021,1,55.4,0,211,4,1,12.1,2.3,27.83
TRHO,3,TRHO#3,B,Sc,4,B-Sc-4,TRHO-B-Sc-4,TRHO,179,TR-HS-CP,TR,Home,Old,Present,C4,2021,1,62,0,244,3,1,11.1,3,33.3
TRHO,3,TRHO#3,A,Sc,3,A-Sc-3,TRHO-A-Sc-3,TRHO,180,TR-HS-CP,TR,Home,Old,Present,C5,2021,1,54.2,0,194,5,1,11,2.9,31.9
TRHO,4,TRHO#4,G,Sc,3,G-Sc-3,TRHO-G-Sc-3,TRHO,224,TL-HS-CP,TL,Home,Old,Present,A2,2021,1,9.4,0,7,1,0,8.2,1.6,13.12
TRHO,4,TRHO#4,G,Sc,5,G-Sc-5,TRHO-G-Sc-5,TRHO,227,TL-HS-CP,TL,Home,Old,Present,A5,2021,1,37,0,27,2,2,8.9,0.7,6.23
TRHO,4,TRHO#4,C,Sc,1,C-Sc-1,TRHO-C-Sc-1,TRHO,233,TL-HS-CP,TL,Home,Old,Present,C2,2021,1,52,0,222,2,1,11.5,4.4,50.6
TRHO,4,TRHO#4,C,Sc,2,C-Sc-2,TRHO-C-Sc-2,TRHO,252,TR-HS-CA,TR,Home,Old,Absent,C4,2021,1,92.3,0,500,8,1,9.5,3,28.5
TRHO,4,TRHO#4,F,Sc,4,F-Sc-4,TRHO-F-Sc-4,TRHO,256,TR-HS-CA,TR,Home,Old,Absent,D3,2021,1,115,0,217,2,1,10.3,4.9,50.47
TRHO,4,TRHO#4,F,Sc,1,F-Sc-1,TRHO-F-Sc-1,TRHO,257,TR-HS-CA,TR,Home,Old,Absent,D4,2021,1,84,0,500,5,1,11,3.5,38.5